知识节点ID,卡片类型,正面,背面
CN-C03-S03-P09,CONCLUSION,GBN 发送窗口未收到确认时可继续发送多少帧？,窗口尺寸 W 内可连续发送；收到 ACK n 表示帧 n 及之前全部正确收到（累积确认）
CN-C03-S03-P09,CONCLUSION,GBN 接收方为什么丢弃失序帧？,只按序接收：失序帧直接丢弃并重复发送最后一个确认；优点是接收缓存只需一个
CN-C06-S03-P01,CONCLUSION,FTP 的控制连接与数据连接有何区别？,控制连接（21 端口）全程保持、传命令；数据连接（20 端口）按需建立、传完即关——控制信息带外传送
CN-C06-S03-P01,CONCLUSION,FTP 匿名登录用什么用户名？,anonymous（匿名 FTP）；权限受限
CN-C04-S05-P09,CONCLUSION,BGP 与内部网关协议的本质区别？,BGP 是外部网关协议（AS 之间），只寻求可达性不追求最佳路由；路径向量协议，运行在 TCP 179 端口
CN-C04-S05-P09,CONCLUSION,BGP-4 的四种报文是什么？,OPEN（建立邻居关系）、UPDATE（通告新路由/撤销路由）、KEEPALIVE（保活周期性）、NOTIFICATION（差错后关闭连接）
CO-C02-S02-P18,CONCLUSION,原码加减交替法（不恢复余数法）的规则？,余数为正商 1、余数左移一位再减除数；余数为负商 0、余数左移一位再加除数
CO-C02-S02-P18,CONCLUSION,补码除法中商符如何确定？,商符由两操作数符号参与运算共同得出（符号与数值一起运算），与原码除法先定符号不同
CO-C04-S01-P01,CONCLUSION,ISA（指令集体系结构）包含哪些内容？,指令格式、寻址方式、寄存器组织、数据类型、异常处理机制等——机器语言程序员所见到的计算机抽象
CO-C04-S01-P01,CONCLUSION,ISA 在软硬件之间的地位？,软硬件交界面：ISA 之上是编译器与软件、之下是硬件实现；同一 ISA 可以有不同的微体系实现
OS-C02-S03-P15,FORMULA,周转时间与带权周转时间如何计算？,周转时间=完成时刻−到达时刻；带权周转时间=周转时间÷服务时间（≥1，越接近 1 越好）
OS-C02-S03-P15,FORMULA,高响应比优先的响应比如何计算？,R=(等待时间+服务时间)÷服务时间；等待越久响应比越高——兼顾短作业与先来先到
OS-C03-S03-P05,FORMULA,分页系统的地址转换公式？,页号=逻辑地址÷页大小（整除）；页内偏移=逻辑地址 mod 页大小；物理地址=帧号×页大小+偏移
OS-C03-S03-P05,CONCLUSION,分页地址转换需要访问内存几次？,无 TLB：两次（先查页表再取数）；TLB 命中：一次
OS-C02-S04-P17,CONCLUSION,Swap/TSL 指令为什么能实现互斥？,这类指令执行期间锁定总线（或内存），读改写一步完成不可被打断——由硬件保证原子性
OS-C02-S04-P17,CONCLUSION,Swap/TSL 实现互斥的优缺点？,优点：实现简单且适用于多处理机环境；缺点：忙等（自旋）浪费 CPU 时间
OS-C01-S03-P01,CONCLUSION,哪些事件会触发用户态到内核态的切换？,系统调用、外中断、内中断（异常）三种；切换时保存现场并修改程序状态字
OS-C01-S03-P01,CONCLUSION,用户态禁止执行哪类指令？,特权指令：I╱O 指令、置时钟、关中断等；用户程序只能经系统调用陷入内核代为执行
CO-C06-S03-P04,CONCLUSION,DMA 方式与中断方式的关键区别？,DMA 以数据块为单位、由硬件直接在主存与设备间传送；整块传送结束才中断一次 CPU
CO-C06-S03-P04,CONCLUSION,DMA 传送的三个阶段？,预处理（CPU 初始化 DMA 控制器）→数据传送（硬件完成）→后处理（传送结束中断 CPU 善后）
CO-C06-S01-P10,FORMULA,总线带宽如何计算？,总线带宽=总线工作频率×总线宽度（字节）；例：32 位（4B）总线 100MHz → 400MB╱s
CO-C06-S01-P10,CONCLUSION,提高总线带宽有哪些途径？,提高总线频率、加宽数据线位数、采用突发（成组）传输减少地址开销
CO-C01-S02-P08,FORMULA,CPI 与 CPU 执行时间的公式？,CPI=总时钟周期数÷指令条数；CPU 执行时间=指令条数×CPI×时钟周期
CO-C01-S02-P08,CONCLUSION,影响 CPI 的因素有哪些？,指令构成（各指令的频率与周期数）、编译器优化、流水线与缓存的效率
OS-C02-S03-P11,CONCLUSION,静态优先级与动态优先级的区别？,静态：创建时确定不再变，简单但低优先级可能饥饿；动态：随等待时间提升优先级，防饥饿
OS-C02-S03-P11,CONCLUSION,优先级调度有抢占与非抢占之分吗？,有：非抢占=更高优先级到达也要等当前进程完成；抢占=立即切换，实时系统常用抢占式
DS-C01-S02-P04,FORMULA,常见时间复杂度从小到大怎么排？,O(1)＜O(log n)＜O(n)＜O(n log n)＜O(n²)＜O(2^n)；只保留增长最快的主项并去系数
DS-C01-S02-P04,CONCLUSION,循环变量每轮翻倍（i*=2）的循环复杂度是多少？,O(log n)——循环次数按对数收敛，倍增与折半同阶
CO-C06-S03-P02,CONCLUSION,中断处理流程的关键步骤？,关中断→保存断点和现场→判中断源转入服务程序→执行服务→恢复现场→开中断返回
CO-C06-S03-P02,CONCLUSION,中断隐指令由硬件自动完成什么？,响应中断时自动：关中断、保存断点（PC）、引出中断服务程序入口——程序员无法干预
DS-C04-S02-P12,CONCLUSION,非递归中序遍历的栈规则？,沿左链一路入栈到最左结点，弹出访问后转入右子树；栈中保存的是尚未访问的祖先
DS-C04-S02-P12,CONCLUSION,哪些遍历组合能唯一确定一棵二叉树？,先序+中序、后序+中序可唯一还原；先序+后序不能（单孩子结点位置有歧义）
CO-C03-S06-P09,CONCLUSION,TLB 是什么？命中时带来什么效果？,快表=页表的 Cache（相联存储器），存放最近使用的页表项；命中省一次访存，访问从 2 次降为 1 次
CO-C03-S06-P09,CONCLUSION,TLB 与 Cache 的分工？,TLB 缓存页表项（加速地址转换）；Cache 缓存主存数据（加速取指取数）；两者层级独立可并存
DS-C04-S04-P02,CONCLUSION,哈夫曼树的构造规则？,每次取权值最小的两棵树合并为新树、其根权为二者之和；n 个叶子需 n−1 次合并、共 2n−1 个结点
DS-C04-S04-P02,FORMULA,哈夫曼树的 WPL 是什么性质？,WPL=Σ(权值×路径长度)；哈夫曼树是 WPL 最小的二叉树
CO-C02-S03-P05,CONCLUSION,有符号数与无符号数相互转换的规则？,位模式不变、解释方式改变；int 转 unsigned 时负数解释为很大的正数
CO-C02-S03-P05,CONCLUSION,int 截断为 short 或 char 的规则？,高位直接丢弃只留低位；截断后数值可能改变甚至变号——是潜在缺陷来源
CN-C05-S03-P09,CONCLUSION,TCP 四次挥手为什么比握手多一次？,被动关闭方收到 FIN 后可能还有数据要发：先回 ACK（半关闭），数据发完再发自己的 FIN
CN-C05-S03-P09,CONCLUSION,TIME_WAIT 为什么要等 2MSL？,一是保证最后的 ACK 若丢失可重传（对方重发 FIN 时还能应答）；二是让本连接的旧报文在网络中消逝
OS-C04-S01-P04,CONCLUSION,inode 存什么、不存什么？,存文件元数据（权限、大小、时间戳）与数据块指针；不存文件名——文件名存放在目录项中
OS-C04-S01-P04,CONCLUSION,硬链接与 inode 的关系？,多个目录项指向同一 inode（链接计数加一）；删除一个名字计数减一，计数为 0 且无进程打开才真正释放
CO-C05-S03-P01,CONCLUSION,数据通路的基本组成部件？,组合逻辑（ALU 等）+时序逻辑（寄存器）+总线与多路选择器；数据在控制信号引导下流动
CO-C05-S03-P01,CONCLUSION,专用通路与总线式数据通路如何取舍？,专用通路并行度高但成本大；总线共享省硬件但需分时使用、存在冲突
CN-C06-S05-P03,CONCLUSION,HTTP 为什么是无状态的？如何维持状态？,服务器不记忆请求之间的前后关系；用 Cookie 与 Session 机制维持状态
CN-C06-S05-P03,CONCLUSION,HTTP╱1.1 的持久连接指什么？,默认 keep-alive：一个 TCP 连接可传送多个对象；流水线方式下可连续发出多个请求不必等响应
DS-C04-S03-P05,CONCLUSION,森林转二叉树的规则？,兄弟结点连线、只保留与长子的连线、去掉其他子链后顺时针转 45°；一棵树转出的二叉树根无右子树
DS-C04-S03-P05,CONCLUSION,森林的先序与中序遍历对应二叉树的什么遍历？,森林先序遍历=对应二叉树先序；森林中序（后根）遍历=对应二叉树中序
CN-C04-S03-P15,CONCLUSION,NAT 路由器对报文做了什么改写？,出方向改写源 IP（私→公）并记录映射（含端口）；入方向按映射表改回目的地址并重算校验和
CN-C04-S03-P15,CONCLUSION,私有地址段有哪三段？,10.0.0.0╱8、172.16.0.0╱12、192.168.0.0╱16；这些地址不能在公网上路由
CO-C05-S06-P07,CONCLUSION,数据冒险的三种类型？,RAW（写后读，真相关）、WAR（读后写）、WAW（写后写）；顺序流水线中主要解决 RAW
CO-C05-S06-P07,CONCLUSION,RAW 冒险的解决手段？,前递（转发旁路）将上一级结果直接送到需要的级；load-use 这类无法前递的插入一个气泡
DS-C04-S04-P03,CONCLUSION,哈夫曼编码为什么是最优前缀码？,字符都在叶子结点上（任何编码都不是其他编码的前缀）；权大者路径短、整体 WPL 最小即总码长最短
DS-C04-S04-P03,CONCLUSION,哈夫曼编码是等长编码吗？,不是：编码长度随字符权值不同而不同，范围可从 1 位到 n−1 位
OS-C05-S01-P11,CONCLUSION,设备驱动程序的职责是什么？,把上层抽象 I╱O 请求翻译成设备控制器的具体命令、处理设备中断、管理设备状态——向上隐藏硬件差异
OS-C05-S01-P11,CONCLUSION,驱动程序与中断处理如何配合？,驱动发起 I╱O 后阻塞等待；控制器完成操作发中断，中断处理程序唤醒等待的驱动进程继续
OS-C01-S03-P03,CONCLUSION,内中断与外中断怎么区分？,内中断（异常）源于 CPU 内部且与指令同步（系统调用、溢出、缺页）；外中断源于外设与时钟、异步发生
OS-C01-S03-P03,CONCLUSION,中断向量与中断向量表是什么？,中断向量=中断服务程序的入口地址；中断向量表按中断类型号索引到对应入口
OS-C04-S03-P05,FORMULA,位示图中盘块号如何换算？,块号=(行号−1)×每行位数+列号（编号从 1 起计）；0 表示空闲、1 表示占用（或按系统约定相反）
OS-C04-S03-P05,CONCLUSION,位示图法管理空闲空间的优缺点？,优点：占用空间小、容易找到相邻的若干空闲块；缺点：磁盘容量很大时位图本身也变大
