tag,question_count,proposed_primary,primary_name,section,confidence,shortlist_same_section,status,reviewedBy,reviewedAt
"编码方法","2","CN-C02-S01-P11","编码","CN-C02-S01","high","CN-C02-S01-P01 CN-C02-S01-P02 CN-C02-S01-P03 CN-C02-S01-P04 CN-C02-S01-P05 CN-C02-S01-P06","CONFIRMED","zhoujiale(Owner)","2026-09-26"
"标志寄存器","2","CO-C05-S01-P10","状态寄存器","CO-C05-S01","high","CO-C05-S01-P01 CO-C05-S01-P02 CO-C05-S01-P03 CO-C05-S01-P04 CO-C05-S01-P05 CO-C05-S01-P06","CONFIRMED","zhoujiale(Owner)","2026-09-26"
"补码","8","CO-C02-S01-P07","补码","CO-C02-S01","high","CO-C02-S01-P01 CO-C02-S01-P02 CO-C02-S01-P03 CO-C02-S01-P04 CO-C02-S01-P05 CO-C02-S01-P06","CONFIRMED","zhoujiale(Owner)","2026-09-26"
"操作码扩展编码","1","CO-C04-S02-P02","扩展操作码","CO-C04-S02","high","CO-C04-S02-P01 CO-C04-S02-P03 CO-C04-S02-P04 CO-C04-S02-P05 CO-C04-S02-P06 CO-C04-S02-P07","CONFIRMED","zhoujiale(Owner)","2026-09-26"
"操作系统概念","5","OS-C01-S01-P02","操作系统功能","OS-C01-S01","medium","OS-C01-S01-P01 OS-C01-S01-P03 OS-C01-S01-P04 OS-C01-S01-P05 OS-C01-S01-P06 OS-C01-S01-P07","CONFIRMED","zhoujiale(Owner)","2026-09-26"
"插入排序","2","DS-C07-S02-P01","直接插入排序","DS-C07-S02","high","DS-C07-S02-P02 DS-C07-S02-P03 DS-C07-S02-P04 DS-C07-S02-P05 DS-C07-S02-P06","CONFIRMED","zhoujiale(Owner)","2026-09-26"
"差错控制","1","CN-C03-S02-P08","海明码","CN-C03-S02","medium","CN-C03-S02-P01 CN-C03-S02-P02 CN-C03-S02-P03 CN-C03-S02-P04 CN-C03-S02-P05 CN-C03-S02-P06","CONFIRMED","zhoujiale(Owner)","2026-09-26"
"超流水线","1","CO-C05-S06-P90","超级流水线","CO-C05-S06","high","CO-C05-S06-P01 CO-C05-S06-P02 CO-C05-S06-P03 CO-C05-S06-P04 CO-C05-S06-P05 CO-C05-S06-P06","CONFIRMED","zhoujiale(Owner)","2026-09-26"
"程序的链接","1","OS-C01-S03-P09","动态链接","OS-C01-S03","high","OS-C01-S03-P01 OS-C01-S03-P02 OS-C01-S03-P03 OS-C01-S03-P04 OS-C01-S03-P05 OS-C01-S03-P06","CONFIRMED","zhoujiale(Owner)","2026-09-26"
"程序的装入","1","OS-C01-S03-P10","装入","OS-C01-S03","high","OS-C01-S03-P01 OS-C01-S03-P02 OS-C01-S03-P03 OS-C01-S03-P04 OS-C01-S03-P05 OS-C01-S03-P06","CONFIRMED","zhoujiale(Owner)","2026-09-26"
"处理机调度概念","2","OS-C02-S03-P02","调度目标","OS-C02-S03","medium","OS-C02-S03-P01 OS-C02-S03-P03 OS-C02-S03-P04 OS-C02-S03-P05 OS-C02-S03-P06 OS-C02-S03-P07","CONFIRMED","zhoujiale(Owner)","2026-09-26"
"处理机调度算法","11","OS-C02-S03-P15","调度算法计算","OS-C02-S03","medium","OS-C02-S03-P01 OS-C02-S03-P02 OS-C02-S03-P03 OS-C02-S03-P04 OS-C02-S03-P05 OS-C02-S03-P06","CONFIRMED","zhoujiale(Owner)","2026-09-26"
"传输介质","2","CN-C02-S01-P13","曼彻斯特编码","CN-C02-S01","low","CN-C02-S01-P01 CN-C02-S01-P02 CN-C02-S01-P03 CN-C02-S01-P04 CN-C02-S01-P05 CN-C02-S01-P06","CONFIRMED","zhoujiale(Owner)","2026-09-26"
"窗口大小限制","1","CN-C03-S03-P15","序号空间","CN-C03-S03","high","CN-C03-S03-P01 CN-C03-S03-P02 CN-C03-S03-P03 CN-C03-S03-P04 CN-C03-S03-P05 CN-C03-S03-P06","CONFIRMED","zhoujiale(Owner)","2026-09-26"
"磁盘调度算法","4","OS-C05-S03-P11","磁盘调度计算","OS-C05-S03","high","OS-C05-S03-P01 OS-C05-S03-P02 OS-C05-S03-P03 OS-C05-S03-P04 OS-C05-S03-P05 OS-C05-S03-P06","CONFIRMED","zhoujiale(Owner)","2026-09-26"
"磁盘概念","2","OS-C05-S03-P01","磁盘结构","OS-C05-S03","high","OS-C05-S03-P02 OS-C05-S03-P03 OS-C05-S03-P04 OS-C05-S03-P05 OS-C05-S03-P06 OS-C05-S03-P07","CONFIRMED","zhoujiale(Owner)","2026-09-26"
"磁盘格式化","1","OS-C05-S03-P02","磁盘格式化","OS-C05-S03","high","OS-C05-S03-P01 OS-C05-S03-P03 OS-C05-S03-P04 OS-C05-S03-P05 OS-C05-S03-P06 OS-C05-S03-P07","CONFIRMED","zhoujiale(Owner)","2026-09-26"
"磁盘性能指标","2","OS-C05-S03-P04","磁盘访问时间","OS-C05-S03","high","OS-C05-S03-P01 OS-C05-S03-P02 OS-C05-S03-P03 OS-C05-S03-P05 OS-C05-S03-P06 OS-C05-S03-P07","CONFIRMED","zhoujiale(Owner)","2026-09-26"
"存储器概念","5","CO-C03-S01-P01","存储器分类","CO-C03-S01","medium","CO-C03-S01-P02 CO-C03-S01-P03 CO-C03-S01-P04 CO-C03-S01-P05","CONFIRMED","zhoujiale(Owner)","2026-09-26"
"大小端","4","CO-C04-S04-P04","小端方式","CO-C04-S04","high","CO-C04-S04-P01 CO-C04-S04-P02 CO-C04-S04-P03 CO-C04-S04-P05","CONFIRMED","zhoujiale(Owner)","2026-09-26"
"带权路径长度","1","DS-C04-S04-P01","带权路径长度WPL","DS-C04-S04","high","DS-C04-S04-P02 DS-C04-S04-P03 DS-C04-S04-P04 DS-C04-S04-P05","CONFIRMED","zhoujiale(Owner)","2026-09-26"
"单周期处理器","2","CO-C05-S03-P01","数据通路概念","CO-C05-S03","low","CO-C05-S03-P02 CO-C05-S03-P03 CO-C05-S03-P04 CO-C05-S03-P05 CO-C05-S03-P06 CO-C05-S03-P07","CONFIRMED","zhoujiale(Owner)","2026-09-26"
"地址翻译","4","CO-C03-S06-P08","地址转换","CO-C03-S06","high","CO-C03-S06-P01 CO-C03-S06-P02 CO-C03-S06-P03 CO-C03-S06-P04 CO-C03-S06-P05 CO-C03-S06-P06","CONFIRMED","zhoujiale(Owner)","2026-09-26"
"电子邮件","4","CN-C06-S04-P07","邮件收发流程","CN-C06-S04","high","CN-C06-S04-P01 CN-C06-S04-P02 CN-C06-S04-P03 CN-C06-S04-P04 CN-C06-S04-P05 CN-C06-S04-P06","CONFIRMED","zhoujiale(Owner)","2026-09-26"
"调制方法","2","CN-C02-S01-P19","QAM","CN-C02-S01","high","CN-C02-S01-P01 CN-C02-S01-P02 CN-C02-S01-P03 CN-C02-S01-P04 CN-C02-S01-P05 CN-C02-S01-P06","CONFIRMED","zhoujiale(Owner)","2026-09-26"
"动态分区分配","3","OS-C03-S02-P03","动态分区分配","OS-C03-S02","high","OS-C03-S02-P01 OS-C03-S02-P02 OS-C03-S02-P04 OS-C03-S02-P05 OS-C03-S02-P06 OS-C03-S02-P07","CONFIRMED","zhoujiale(Owner)","2026-09-26"
"抖动","1","OS-C03-S05-P19","抖动","OS-C03-S05","high","OS-C03-S05-P01 OS-C03-S05-P02 OS-C03-S05-P03 OS-C03-S05-P04 OS-C03-S05-P05 OS-C03-S05-P06","CONFIRMED","zhoujiale(Owner)","2026-09-26"
"段式内存管理","3","OS-C03-S04-P01","分段管理","OS-C03-S04","high","OS-C03-S04-P02 OS-C03-S04-P03 OS-C03-S04-P04 OS-C03-S04-P05 OS-C03-S04-P06","CONFIRMED","zhoujiale(Owner)","2026-09-26"
"堆的概念","6","DS-C04-S06-P01","堆的定义","DS-C04-S06","medium","DS-C04-S06-P02 DS-C04-S06-P03 DS-C04-S06-P04 DS-C04-S06-P05 DS-C04-S06-P06 DS-C04-S06-P07","CONFIRMED","zhoujiale(Owner)","2026-09-26"
"队列","5","DS-C03-S02-P01","队列的定义","DS-C03-S02","low","DS-C03-S02-P02 DS-C03-S02-P03 DS-C03-S02-P04 DS-C03-S02-P05 DS-C03-S02-P06 DS-C03-S02-P07","CONFIRMED","zhoujiale(Owner)","2026-09-26"
"多级中断","3","CO-C05-S05-P09","中断优先级","CO-C05-S05","medium","CO-C05-S05-P01 CO-C05-S05-P02 CO-C05-S05-P03 CO-C05-S05-P04 CO-C05-S05-P05 CO-C05-S05-P06","CONFIRMED","zhoujiale(Owner)","2026-09-26"
"二叉排序树","5","DS-C06-S04-P02","BST查找","DS-C06-S04","high","DS-C06-S04-P01 DS-C06-S04-P03 DS-C06-S04-P04 DS-C06-S04-P05 DS-C06-S04-P06 DS-C06-S04-P07","CONFIRMED","zhoujiale(Owner)","2026-09-26"
"二叉树遍历","6","DS-C04-S02-P11","先序遍历","DS-C04-S02","medium","DS-C04-S02-P01 DS-C04-S02-P02 DS-C04-S02-P03 DS-C04-S02-P04 DS-C04-S02-P05 DS-C04-S02-P06","CONFIRMED","zhoujiale(Owner)","2026-09-26"
"二叉树存储","1","DS-C04-S02-P09","二叉树顺序存储","DS-C04-S02","high","DS-C04-S02-P01 DS-C04-S02-P02 DS-C04-S02-P03 DS-C04-S02-P04 DS-C04-S02-P05 DS-C04-S02-P06","CONFIRMED","zhoujiale(Owner)","2026-09-26"
"二叉树构建","2","DS-C04-S03-P04","树转二叉树","DS-C04-S03","medium","DS-C04-S03-P01 DS-C04-S03-P02 DS-C04-S03-P03 DS-C04-S03-P05 DS-C04-S03-P06 DS-C04-S03-P07","CONFIRMED","zhoujiale(Owner)","2026-09-26"
"二叉树和森林的转换","3","DS-C04-S03-P04","树转二叉树","DS-C04-S03","high","DS-C04-S03-P01 DS-C04-S03-P02 DS-C04-S03-P03 DS-C04-S03-P05 DS-C04-S03-P06 DS-C04-S03-P07","CONFIRMED","zhoujiale(Owner)","2026-09-26"
"二维数组","1","DS-C03-S03-P02","二维数组行优先存储","DS-C03-S03","high","DS-C03-S03-P01 DS-C03-S03-P03 DS-C03-S03-P04","CONFIRMED","zhoujiale(Owner)","2026-09-26"
"访存过程","2","CO-C03-S06-P11","TLB+Cache综合地址转换","CO-C03-S06","medium","CO-C03-S06-P01 CO-C03-S06-P02 CO-C03-S06-P03 CO-C03-S06-P04 CO-C03-S06-P05 CO-C03-S06-P06","CONFIRMED","zhoujiale(Owner)","2026-09-26"
"浮点数加减","2","CO-C02-S04-P08","浮点加减对阶","CO-C02-S04","high","CO-C02-S04-P01 CO-C02-S04-P02 CO-C02-S04-P03 CO-C02-S04-P04 CO-C02-S04-P05 CO-C02-S04-P06","CONFIRMED","zhoujiale(Owner)","2026-09-26"
"复杂度分析","7","DS-C01-S02-P04","时间复杂度","DS-C01-S02","high","DS-C01-S02-P01 DS-C01-S02-P02 DS-C01-S02-P03 DS-C01-S02-P05 DS-C01-S02-P06 DS-C01-S02-P07","CONFIRMED","zhoujiale(Owner)","2026-09-26"
"复杂和精简指令集","1","CO-C04-S05-P02","RISC基本特征","CO-C04-S05","high","CO-C04-S05-P01 CO-C04-S05-P03","CONFIRMED","zhoujiale(Owner)","2026-09-26"
"关键路径","3","DS-C05-S06-P05","关键路径","DS-C05-S06","high","DS-C05-S06-P01 DS-C05-S06-P02 DS-C05-S06-P03 DS-C05-S06-P04 DS-C05-S06-P06 DS-C05-S06-P07","CONFIRMED","zhoujiale(Owner)","2026-09-26"
"管程","2","OS-C02-S04-P26","管程","OS-C02-S04","high","OS-C02-S04-P01 OS-C02-S04-P02 OS-C02-S04-P03 OS-C02-S04-P04 OS-C02-S04-P05 OS-C02-S04-P06","CONFIRMED","zhoujiale(Owner)","2026-09-26"
"归并排序","1","DS-C07-S05-P01","二路归并排序","DS-C07-S05","medium","DS-C07-S05-P02 DS-C07-S05-P03 DS-C07-S05-P04 DS-C07-S05-P05 DS-C07-S05-P06","CONFIRMED","zhoujiale(Owner)","2026-09-26"
"哈夫曼编码","1","DS-C04-S04-P03","哈夫曼编码","DS-C04-S04","high","DS-C04-S04-P01 DS-C04-S04-P02 DS-C04-S04-P04 DS-C04-S04-P05","CONFIRMED","zhoujiale(Owner)","2026-09-26"
"哈夫曼树","5","DS-C04-S04-P02","哈夫曼树构造","DS-C04-S04","high","DS-C04-S04-P01 DS-C04-S04-P03 DS-C04-S04-P04 DS-C04-S04-P05","CONFIRMED","zhoujiale(Owner)","2026-09-26"
"海明码","1","CN-C03-S02-P08","海明码","CN-C03-S02","high","CN-C03-S02-P01 CN-C03-S02-P02 CN-C03-S02-P03 CN-C03-S02-P04 CN-C03-S02-P05 CN-C03-S02-P06","CONFIRMED","zhoujiale(Owner)","2026-09-26"
"后序表达式求值","1","DS-C03-S05-P02","表达式求值","DS-C03-S05","high","DS-C03-S05-P01 DS-C03-S05-P03 DS-C03-S05-P04 DS-C03-S05-P05 DS-C03-S05-P06 DS-C03-S05-P07","CONFIRMED","zhoujiale(Owner)","2026-09-26"
"缓冲区","5","OS-C05-S02-P07","缓冲","OS-C05-S02","medium","OS-C05-S02-P01 OS-C05-S02-P02 OS-C05-S02-P03 OS-C05-S02-P04 OS-C05-S02-P05 OS-C05-S02-P06","CONFIRMED","zhoujiale(Owner)","2026-09-26"
"基数排序","2","DS-C07-S05-P05","基数排序","DS-C07-S05","high","DS-C07-S05-P01 DS-C07-S05-P02 DS-C07-S05-P03 DS-C07-S05-P04 DS-C07-S05-P06","CONFIRMED","zhoujiale(Owner)","2026-09-26"
"计算机体系结构","7","CO-C01-S01-P04","冯诺依曼结构","CO-C01-S01","medium","CO-C01-S01-P01 CO-C01-S01-P02 CO-C01-S01-P03 CO-C01-S01-P05 CO-C01-S01-P06 CO-C01-S01-P07","CONFIRMED","zhoujiale(Owner)","2026-09-26"
"计算机性能指标","5","CO-C01-S02-P13","性能指标综合计算","CO-C01-S02","medium","CO-C01-S02-P01 CO-C01-S02-P02 CO-C01-S02-P03 CO-C01-S02-P04 CO-C01-S02-P05 CO-C01-S02-P06","CONFIRMED","zhoujiale(Owner)","2026-09-26"
"寄存器类型","9","CO-C05-S01-P04","寄存器组","CO-C05-S01","high","CO-C05-S01-P01 CO-C05-S01-P02 CO-C05-S01-P03 CO-C05-S01-P05 CO-C05-S01-P06 CO-C05-S01-P07","CONFIRMED","zhoujiale(Owner)","2026-09-26"
"交换方式","3","CN-C02-S02-P07","分组交换时延计算","CN-C02-S02","medium","CN-C02-S02-P01 CN-C02-S02-P02 CN-C02-S02-P03 CN-C02-S02-P04 CN-C02-S02-P05 CN-C02-S02-P06","CONFIRMED","zhoujiale(Owner)","2026-09-26"
"交换机","3","CN-C03-S06-P04","以太网交换机","CN-C03-S06","high","CN-C03-S06-P01 CN-C03-S06-P02 CN-C03-S06-P03 CN-C03-S06-P05 CN-C03-S06-P06 CN-C03-S06-P07","CONFIRMED","zhoujiale(Owner)","2026-09-26"
"介质访问控制","2","CN-C03-S04-P15","CSMA/CA","CN-C03-S04","low","CN-C03-S04-P01 CN-C03-S04-P02 CN-C03-S04-P03 CN-C03-S04-P04 CN-C03-S04-P05 CN-C03-S04-P06","CONFIRMED","zhoujiale(Owner)","2026-09-26"
"进程的互斥","1","OS-C02-S04-P03","互斥","OS-C02-S04","high","OS-C02-S04-P01 OS-C02-S04-P02 OS-C02-S04-P04 OS-C02-S04-P05 OS-C02-S04-P06 OS-C02-S04-P07","CONFIRMED","zhoujiale(Owner)","2026-09-26"
"进程概念","3","OS-C02-S01-P12","进程创建","OS-C02-S01","high","OS-C02-S01-P01 OS-C02-S01-P02 OS-C02-S01-P03 OS-C02-S01-P04 OS-C02-S01-P05 OS-C02-S01-P06","CONFIRMED","zhoujiale(Owner)","2026-09-26"
"进程和线程","4","OS-C02-S01-P16","进程与线程比较","OS-C02-S01","high","OS-C02-S01-P01 OS-C02-S01-P02 OS-C02-S01-P03 OS-C02-S01-P04 OS-C02-S01-P05 OS-C02-S01-P06","CONFIRMED","zhoujiale(Owner)","2026-09-26"
"进程间通信","1","OS-C02-S02-P05","管道","OS-C02-S02","high","OS-C02-S02-P01 OS-C02-S02-P02 OS-C02-S02-P03 OS-C02-S02-P04 OS-C02-S02-P06 OS-C02-S02-P07","CONFIRMED","zhoujiale(Owner)","2026-09-26"
"进程文件管理","1","OS-C04-S01-P05","文件基本操作","OS-C04-S01","medium","OS-C04-S01-P01 OS-C04-S01-P02 OS-C04-S01-P03 OS-C04-S01-P04 OS-C04-S01-P06 OS-C04-S01-P07","CONFIRMED","zhoujiale(Owner)","2026-09-26"
"进程状态","7","OS-C02-S01-P05","进程状态","OS-C02-S01","medium","OS-C02-S01-P01 OS-C02-S01-P02 OS-C02-S01-P03 OS-C02-S01-P04 OS-C02-S01-P06 OS-C02-S01-P07","CONFIRMED","zhoujiale(Owner)","2026-09-26"
"距离向量算法","1","CN-C04-S02-P03","距离向量算法","CN-C04-S02","high","CN-C04-S02-P01 CN-C04-S02-P02 CN-C04-S02-P04 CN-C04-S02-P05 CN-C04-S02-P06 CN-C04-S02-P07","CONFIRMED","zhoujiale(Owner)","2026-09-26"
"卡特兰数","1","DS-C03-S01-P91","Catalan数与合法出栈序列计数","DS-C03-S01","high","DS-C03-S01-P01 DS-C03-S01-P02 DS-C03-S01-P03 DS-C03-S01-P04 DS-C03-S01-P05 DS-C03-S01-P06","CONFIRMED","zhoujiale(Owner)","2026-09-26"
"控制器种类","3","CO-C05-S04-P02","硬布线控制器","CO-C05-S04","medium","CO-C05-S04-P01 CO-C05-S04-P03 CO-C05-S04-P04 CO-C05-S04-P05 CO-C05-S04-P06 CO-C05-S04-P07","CONFIRMED","zhoujiale(Owner)","2026-09-26"
"快速排序","1","DS-C07-S03-P03","快速排序","DS-C07-S03","high","DS-C07-S03-P01 DS-C07-S03-P02 DS-C07-S03-P04 DS-C07-S03-P05 DS-C07-S03-P06 DS-C07-S03-P07","CONFIRMED","zhoujiale(Owner)","2026-09-26"
"类型转换","6","CO-C02-S03-P05","类型转换与截断","CO-C02-S03","high","CO-C02-S03-P01 CO-C02-S03-P02 CO-C02-S03-P03 CO-C02-S03-P04 CO-C02-S03-P06","CONFIRMED","zhoujiale(Owner)","2026-09-26"
"链表","3","DS-C02-S03-P07","单链表插入","DS-C02-S03","medium","DS-C02-S03-P01 DS-C02-S03-P02 DS-C02-S03-P03 DS-C02-S03-P04 DS-C02-S03-P05 DS-C02-S03-P06","CONFIRMED","zhoujiale(Owner)","2026-09-26"
"邻接表","1","DS-C05-S02-P03","邻接表","DS-C05-S02","high","DS-C05-S02-P01 DS-C05-S02-P02 DS-C05-S02-P04 DS-C05-S02-P05 DS-C05-S02-P06 DS-C05-S02-P07","CONFIRMED","zhoujiale(Owner)","2026-09-26"
"邻接矩阵","1","DS-C05-S02-P01","邻接矩阵","DS-C05-S02","high","DS-C05-S02-P02 DS-C05-S02-P03 DS-C05-S02-P04 DS-C05-S02-P05 DS-C05-S02-P06 DS-C05-S02-P07","CONFIRMED","zhoujiale(Owner)","2026-09-26"
"临界资源","1","OS-C02-S04-P01","临界资源","OS-C02-S04","high","OS-C02-S04-P02 OS-C02-S04-P03 OS-C02-S04-P04 OS-C02-S04-P05 OS-C02-S04-P06 OS-C02-S04-P07","CONFIRMED","zhoujiale(Owner)","2026-09-26"
"流水线概念","6","CO-C05-S06-P01","流水线基本概念","CO-C05-S06","high","CO-C05-S06-P02 CO-C05-S06-P03 CO-C05-S06-P04 CO-C05-S06-P05 CO-C05-S06-P06 CO-C05-S06-P07","CONFIRMED","zhoujiale(Owner)","2026-09-26"
"流水线冒险","3","CO-C05-S06-P06","结构冒险","CO-C05-S06","medium","CO-C05-S06-P01 CO-C05-S06-P02 CO-C05-S06-P03 CO-C05-S06-P04 CO-C05-S06-P05 CO-C05-S06-P07","CONFIRMED","zhoujiale(Owner)","2026-09-26"
"路由器","2","CN-C04-S07-P01","路由器组成","CN-C04-S07","high","CN-C04-S07-P02 CN-C04-S07-P03 CN-C04-S07-P04 CN-C04-S07-P05 CN-C04-S07-P06 CN-C04-S07-P07","CONFIRMED","zhoujiale(Owner)","2026-09-26"
"路由算法","1","CN-C04-S02-P03","距离向量算法","CN-C04-S02","medium","CN-C04-S02-P01 CN-C04-S02-P02 CN-C04-S02-P04 CN-C04-S02-P05 CN-C04-S02-P06 CN-C04-S02-P07","CONFIRMED","zhoujiale(Owner)","2026-09-26"
"路由协议","2","CN-C04-S05-P03","RIP","CN-C04-S05","high","CN-C04-S05-P01 CN-C04-S05-P02 CN-C04-S05-P04 CN-C04-S05-P05 CN-C04-S05-P06 CN-C04-S05-P07","CONFIRMED","zhoujiale(Owner)","2026-09-26"
"逻辑移位","1","CO-C02-S02-P14","逻辑移位","CO-C02-S02","high","CO-C02-S02-P01 CO-C02-S02-P02 CO-C02-S02-P03 CO-C02-S02-P04 CO-C02-S02-P05 CO-C02-S02-P06","CONFIRMED","zhoujiale(Owner)","2026-09-26"
"满二叉树","1","DS-C04-S02-P03","满二叉树","DS-C04-S02","high","DS-C04-S02-P01 DS-C04-S02-P02 DS-C04-S02-P04 DS-C04-S02-P05 DS-C04-S02-P06 DS-C04-S02-P07","CONFIRMED","zhoujiale(Owner)","2026-09-26"
"目录","2","OS-C04-S02-P01","目录概念","OS-C04-S02","high","OS-C04-S02-P02 OS-C04-S02-P03 OS-C04-S02-P04 OS-C04-S02-P05 OS-C04-S02-P06 OS-C04-S02-P07","CONFIRMED","zhoujiale(Owner)","2026-09-26"
"奈奎斯特定理","1","CN-C02-S01-P08","奈奎斯特定理","CN-C02-S01","high","CN-C02-S01-P01 CN-C02-S01-P02 CN-C02-S01-P03 CN-C02-S01-P04 CN-C02-S01-P05 CN-C02-S01-P06","CONFIRMED","zhoujiale(Owner)","2026-09-26"
"内存管理方式","1","OS-C03-S02-P03","动态分区分配","OS-C03-S02","low","OS-C03-S02-P01 OS-C03-S02-P02 OS-C03-S02-P04 OS-C03-S02-P05 OS-C03-S02-P06 OS-C03-S02-P07","CONFIRMED","zhoujiale(Owner)","2026-09-26"
"排序算法","18","DS-C07-S07-P01","排序算法综合比较","DS-C07-S07","low","DS-C07-S07-P02 DS-C07-S07-P03 DS-C07-S07-P04","CONFIRMED","zhoujiale(Owner)","2026-09-26"
"平衡二叉树","7","DS-C06-S05-P01","AVL定义","DS-C06-S05","high","DS-C06-S05-P02 DS-C06-S05-P03 DS-C06-S05-P04 DS-C06-S05-P05 DS-C06-S05-P06 DS-C06-S05-P07","CONFIRMED","zhoujiale(Owner)","2026-09-26"
"平均查找长度","2","DS-C06-S01-P05","平均查找长度ASL","DS-C06-S01","medium","DS-C06-S01-P01 DS-C06-S01-P02 DS-C06-S01-P03 DS-C06-S01-P04","CONFIRMED","zhoujiale(Owner)","2026-09-26"
"前缀编码","1","DS-C04-S04-P04","前缀编码","DS-C04-S04","high","DS-C04-S04-P01 DS-C04-S04-P02 DS-C04-S04-P03 DS-C04-S04-P05","CONFIRMED","zhoujiale(Owner)","2026-09-26"
"缺页异常","4","OS-C03-S05-P04","缺页异常","OS-C03-S05","high","OS-C03-S05-P01 OS-C03-S05-P02 OS-C03-S05-P03 OS-C03-S05-P05 OS-C03-S05-P06 OS-C03-S05-P07","CONFIRMED","zhoujiale(Owner)","2026-09-26"
"入栈出栈序列","8","DS-C03-S01-P90","合法出栈序列判定","DS-C03-S01","high","DS-C03-S01-P01 DS-C03-S01-P02 DS-C03-S01-P03 DS-C03-S01-P04 DS-C03-S01-P05 DS-C03-S01-P06","CONFIRMED","zhoujiale(Owner)","2026-09-26"
"软件互斥算法","1","OS-C02-S04-P09","软件互斥方法","OS-C02-S04","high","OS-C02-S04-P01 OS-C02-S04-P02 OS-C02-S04-P03 OS-C02-S04-P04 OS-C02-S04-P05 OS-C02-S04-P06","CONFIRMED","zhoujiale(Owner)","2026-09-26"
"三对角矩阵","1","DS-C03-S04-P03","三对角矩阵压缩","DS-C03-S04","high","DS-C03-S04-P01 DS-C03-S04-P02 DS-C03-S04-P04 DS-C03-S04-P05","CONFIRMED","zhoujiale(Owner)","2026-09-26"
"散列表","4","DS-C06-S08-P01","散列函数","DS-C06-S08","medium","DS-C06-S08-P02 DS-C06-S08-P03 DS-C06-S08-P04 DS-C06-S08-P05 DS-C06-S08-P06 DS-C06-S08-P07","CONFIRMED","zhoujiale(Owner)","2026-09-26"
"森林的概念","1","DS-C04-S01-P01","树的定义","DS-C04-S01","low","DS-C04-S01-P02 DS-C04-S01-P03 DS-C04-S01-P04 DS-C04-S01-P05 DS-C04-S01-P06 DS-C04-S01-P07","CONFIRMED","zhoujiale(Owner)","2026-09-26"
"设备分配和回收","2","OS-C05-S02-P02","设备分配","OS-C05-S02","high","OS-C05-S02-P01 OS-C05-S02-P03 OS-C05-S02-P04 OS-C05-S02-P05 OS-C05-S02-P06 OS-C05-S02-P07","CONFIRMED","zhoujiale(Owner)","2026-09-26"
"时间片轮转","2","OS-C02-S03-P12","时间片轮转RR","OS-C02-S03","high","OS-C02-S03-P01 OS-C02-S03-P02 OS-C02-S03-P03 OS-C02-S03-P04 OS-C02-S03-P05 OS-C02-S03-P06","CONFIRMED","zhoujiale(Owner)","2026-09-26"
"树的概念","4","DS-C04-S01-P02","结点的度","DS-C04-S01","medium","DS-C04-S01-P01 DS-C04-S01-P03 DS-C04-S01-P04 DS-C04-S01-P05 DS-C04-S01-P06 DS-C04-S01-P07","CONFIRMED","zhoujiale(Owner)","2026-09-26"
"树和二叉树的转换","1","DS-C04-S03-P04","树转二叉树","DS-C04-S03","high","DS-C04-S03-P01 DS-C04-S03-P02 DS-C04-S03-P03 DS-C04-S03-P05 DS-C04-S03-P06 DS-C04-S03-P07","CONFIRMED","zhoujiale(Owner)","2026-09-26"
"数据报和虚电路","1","CN-C02-S02-P05","虚电路","CN-C02-S02","high","CN-C02-S02-P01 CN-C02-S02-P02 CN-C02-S02-P03 CN-C02-S02-P04 CN-C02-S02-P06 CN-C02-S02-P07","CONFIRMED","zhoujiale(Owner)","2026-09-26"
"数据对齐","2","CO-C04-S04-P02","边界对齐","CO-C04-S04","high","CO-C04-S04-P01 CO-C04-S04-P03 CO-C04-S04-P04 CO-C04-S04-P05","CONFIRMED","zhoujiale(Owner)","2026-09-26"
"数据通路","2","CO-C05-S03-P01","数据通路概念","CO-C05-S03","high","CO-C05-S03-P02 CO-C05-S03-P03 CO-C05-S03-P04 CO-C05-S03-P05 CO-C05-S03-P06 CO-C05-S03-P07","CONFIRMED","zhoujiale(Owner)","2026-09-26"
"数组查找","3","DS-C06-S03-P03","折半查找判定树","DS-C06-S03","medium","DS-C06-S03-P01 DS-C06-S03-P02 DS-C06-S03-P04 DS-C06-S03-P05","CONFIRMED","zhoujiale(Owner)","2026-09-26"
"死锁产生的必要条件","3","OS-C02-S06-P02","死锁必要条件","OS-C02-S06","high","OS-C02-S06-P01 OS-C02-S06-P03 OS-C02-S06-P04 OS-C02-S06-P05 OS-C02-S06-P06 OS-C02-S06-P07","CONFIRMED","zhoujiale(Owner)","2026-09-26"
"死锁的处理方法","1","OS-C02-S06-P12","死锁检测","OS-C02-S06","medium","OS-C02-S06-P01 OS-C02-S06-P02 OS-C02-S06-P03 OS-C02-S06-P04 OS-C02-S06-P05 OS-C02-S06-P06","CONFIRMED","zhoujiale(Owner)","2026-09-26"
"死锁概念","1","OS-C02-S06-P01","死锁定义","OS-C02-S06","high","OS-C02-S06-P02 OS-C02-S06-P03 OS-C02-S06-P04 OS-C02-S06-P05 OS-C02-S06-P06 OS-C02-S06-P07","CONFIRMED","zhoujiale(Owner)","2026-09-26"
"死锁预防","1","OS-C02-S06-P07","死锁预防","OS-C02-S06","high","OS-C02-S06-P01 OS-C02-S06-P02 OS-C02-S06-P03 OS-C02-S06-P04 OS-C02-S06-P05 OS-C02-S06-P06","CONFIRMED","zhoujiale(Owner)","2026-09-26"
"拓扑排序","6","DS-C05-S06-P02","拓扑排序","DS-C05-S06","high","DS-C05-S06-P01 DS-C05-S06-P03 DS-C05-S06-P04 DS-C05-S06-P05 DS-C05-S06-P06 DS-C05-S06-P07","CONFIRMED","zhoujiale(Owner)","2026-09-26"
"特殊矩阵","4","DS-C03-S04-P05","压缩存储地址计算","DS-C03-S04","medium","DS-C03-S04-P01 DS-C03-S04-P02 DS-C03-S04-P03 DS-C03-S04-P04","CONFIRMED","zhoujiale(Owner)","2026-09-26"
"条件变量","1","OS-C02-S04-P25","条件变量","OS-C02-S04","high","OS-C02-S04-P01 OS-C02-S04-P02 OS-C02-S04-P03 OS-C02-S04-P04 OS-C02-S04-P05 OS-C02-S04-P06","CONFIRMED","zhoujiale(Owner)","2026-09-26"
"通信指标","1","CN-C01-S01-P07","带宽","CN-C01-S01","medium","CN-C01-S01-P01 CN-C01-S01-P02 CN-C01-S01-P03 CN-C01-S01-P04 CN-C01-S01-P05 CN-C01-S01-P06","CONFIRMED","zhoujiale(Owner)","2026-09-26"
"同步原则","1","OS-C02-S04-P06","忙则等待","OS-C02-S04","medium","OS-C02-S04-P01 OS-C02-S04-P02 OS-C02-S04-P03 OS-C02-S04-P04 OS-C02-S04-P05 OS-C02-S04-P07","CONFIRMED","zhoujiale(Owner)","2026-09-26"
"图表示树","1","DS-C05-S06-P01","DAG概念","DS-C05-S06","high","DS-C05-S06-P02 DS-C05-S06-P03 DS-C05-S06-P04 DS-C05-S06-P05 DS-C05-S06-P06 DS-C05-S06-P07","CONFIRMED","zhoujiale(Owner)","2026-09-26"
"图的遍历","5","DS-C05-S03-P03","BFS时间复杂度","DS-C05-S03","medium","DS-C05-S03-P01 DS-C05-S03-P02 DS-C05-S03-P04 DS-C05-S03-P05 DS-C05-S03-P06 DS-C05-S03-P07","CONFIRMED","zhoujiale(Owner)","2026-09-26"
"图的概念","4","DS-C05-S01-P01","图的定义","DS-C05-S01","medium","DS-C05-S01-P02 DS-C05-S01-P03 DS-C05-S01-P04 DS-C05-S01-P05 DS-C05-S01-P06 DS-C05-S01-P07","CONFIRMED","zhoujiale(Owner)","2026-09-26"
"外部排序","2","DS-C07-S06-P01","外部排序基本概念","DS-C07-S06","high","DS-C07-S06-P02 DS-C07-S06-P03 DS-C07-S06-P04 DS-C07-S06-P05","CONFIRMED","zhoujiale(Owner)","2026-09-26"
"外存空间管理","3","OS-C04-S03-P05","位示图法","OS-C04-S03","medium","OS-C04-S03-P01 OS-C04-S03-P02 OS-C04-S03-P03 OS-C04-S03-P04 OS-C04-S03-P06 OS-C04-S03-P07","CONFIRMED","zhoujiale(Owner)","2026-09-26"
"完全二叉树","2","DS-C04-S02-P04","完全二叉树","DS-C04-S02","high","DS-C04-S02-P01 DS-C04-S02-P02 DS-C04-S02-P03 DS-C04-S02-P05 DS-C04-S02-P06 DS-C04-S02-P07","CONFIRMED","zhoujiale(Owner)","2026-09-26"
"网络号和主机号","4","CN-C04-S03-P11","子网掩码","CN-C04-S03","high","CN-C04-S03-P01 CN-C04-S03-P02 CN-C04-S03-P03 CN-C04-S03-P04 CN-C04-S03-P05 CN-C04-S03-P06","CONFIRMED","zhoujiale(Owner)","2026-09-26"
"网络设备","4","CN-C03-S06-P08","冲突域与广播域","CN-C03-S06","medium","CN-C03-S06-P01 CN-C03-S06-P02 CN-C03-S06-P03 CN-C03-S06-P04 CN-C03-S06-P05 CN-C03-S06-P06","CONFIRMED","zhoujiale(Owner)","2026-09-26"
"网络协议","1","CN-C01-S02-P10","协议与服务关系","CN-C01-S02","low","CN-C01-S02-P01 CN-C01-S02-P02 CN-C01-S02-P03 CN-C01-S02-P04 CN-C01-S02-P05 CN-C01-S02-P06","CONFIRMED","zhoujiale(Owner)","2026-09-26"
"网络协议要素","1","CN-C01-S02-P02","协议三要素","CN-C01-S02","high","CN-C01-S02-P01 CN-C01-S02-P03 CN-C01-S02-P04 CN-C01-S02-P05 CN-C01-S02-P06 CN-C01-S02-P07","CONFIRMED","zhoujiale(Owner)","2026-09-26"
"网络应用模型","1","CN-C06-S01-P01","客户服务器C/S","CN-C06-S01","high","CN-C06-S01-P02 CN-C06-S01-P03","CONFIRMED","zhoujiale(Owner)","2026-09-26"
"微程序控制器","1","CO-C05-S04-P03","微程序控制器","CO-C05-S04","high","CO-C05-S04-P01 CO-C05-S04-P02 CO-C05-S04-P04 CO-C05-S04-P05 CO-C05-S04-P06 CO-C05-S04-P07","CONFIRMED","zhoujiale(Owner)","2026-09-26"
"位图法","2","OS-C04-S03-P05","位示图法","OS-C04-S03","high","OS-C04-S03-P01 OS-C04-S03-P02 OS-C04-S03-P03 OS-C04-S03-P04 OS-C04-S03-P06 OS-C04-S03-P07","CONFIRMED","zhoujiale(Owner)","2026-09-26"
"文件链接","3","OS-C04-S02-P09","硬链接与软链接比较","OS-C04-S02","high","OS-C04-S02-P01 OS-C04-S02-P02 OS-C04-S02-P03 OS-C04-S02-P04 OS-C04-S02-P05 OS-C04-S02-P06","CONFIRMED","zhoujiale(Owner)","2026-09-26"
"文件物理结构","5","OS-C04-S01-P12","文件物理结构","OS-C04-S01","high","OS-C04-S01-P01 OS-C04-S01-P02 OS-C04-S01-P03 OS-C04-S01-P04 OS-C04-S01-P05 OS-C04-S01-P06","CONFIRMED","zhoujiale(Owner)","2026-09-26"
"无符号数","1","CO-C02-S03-P01","无符号整数表示","CO-C02-S03","high","CO-C02-S03-P02 CO-C02-S03-P03 CO-C02-S03-P04 CO-C02-S03-P05 CO-C02-S03-P06","CONFIRMED","zhoujiale(Owner)","2026-09-26"
"物理层接口特性","2","CN-C02-S01-P02","信号","CN-C02-S01","low","CN-C02-S01-P01 CN-C02-S01-P03 CN-C02-S01-P04 CN-C02-S01-P05 CN-C02-S01-P06 CN-C02-S01-P07","CONFIRMED","zhoujiale(Owner)","2026-09-26"
"希尔排序","3","DS-C07-S02-P05","希尔排序","DS-C07-S02","high","DS-C07-S02-P01 DS-C07-S02-P02 DS-C07-S02-P03 DS-C07-S02-P04 DS-C07-S02-P06","CONFIRMED","zhoujiale(Owner)","2026-09-26"
"系统调用","5","OS-C01-S03-P06","系统调用","OS-C01-S03","high","OS-C01-S03-P01 OS-C01-S03-P02 OS-C01-S03-P03 OS-C01-S03-P04 OS-C01-S03-P05 OS-C01-S03-P07","CONFIRMED","zhoujiale(Owner)","2026-09-26"
"系统引导流程","1","OS-C01-S05-P01","操作系统引导过程","OS-C01-S05","high","OS-C01-S05-P02 OS-C01-S05-P03 OS-C01-S05-P04 OS-C01-S05-P05 OS-C01-S05-P06 OS-C01-S05-P90","CONFIRMED","zhoujiale(Owner)","2026-09-26"
"线索二叉树","3","DS-C04-S02-P18","线索二叉树概念","DS-C04-S02","high","DS-C04-S02-P01 DS-C04-S02-P02 DS-C04-S02-P03 DS-C04-S02-P04 DS-C04-S02-P05 DS-C04-S02-P06","CONFIRMED","zhoujiale(Owner)","2026-09-26"
"陷阱指令","2","OS-C01-S01-P07","特权指令","OS-C01-S01","medium","OS-C01-S01-P01 OS-C01-S01-P02 OS-C01-S01-P03 OS-C01-S01-P04 OS-C01-S01-P05 OS-C01-S01-P06","CONFIRMED","zhoujiale(Owner)","2026-09-26"
"香农定理","2","CN-C02-S01-P09","香农定理","CN-C02-S01","high","CN-C02-S01-P01 CN-C02-S01-P02 CN-C02-S01-P03 CN-C02-S01-P04 CN-C02-S01-P05 CN-C02-S01-P06","CONFIRMED","zhoujiale(Owner)","2026-09-26"
"协议数据单元","1","CN-C03-S05-P05","MAC地址","CN-C03-S05","medium","CN-C03-S05-P01 CN-C03-S05-P02 CN-C03-S05-P03 CN-C03-S05-P04 CN-C03-S05-P06 CN-C03-S05-P07","CONFIRMED","zhoujiale(Owner)","2026-09-26"
"信道利用率","5","CN-C03-S03-P16","协议效率计算","CN-C03-S03","high","CN-C03-S03-P01 CN-C03-S03-P02 CN-C03-S03-P03 CN-C03-S03-P04 CN-C03-S03-P05 CN-C03-S03-P06","CONFIRMED","zhoujiale(Owner)","2026-09-26"
"信号量","2","OS-C02-S04-P20","信号量","OS-C02-S04","high","OS-C02-S04-P01 OS-C02-S04-P02 OS-C02-S04-P03 OS-C02-S04-P04 OS-C02-S04-P05 OS-C02-S04-P06","CONFIRMED","zhoujiale(Owner)","2026-09-26"
"虚拟页式管理","1","OS-C03-S05-P01","虚拟内存概念","OS-C03-S05","medium","OS-C03-S05-P02 OS-C03-S05-P03 OS-C03-S05-P04 OS-C03-S05-P05 OS-C03-S05-P06 OS-C03-S05-P07","CONFIRMED","zhoujiale(Owner)","2026-09-26"
"页表","5","OS-C03-S03-P03","页表","OS-C03-S03","high","OS-C03-S03-P01 OS-C03-S03-P02 OS-C03-S03-P04 OS-C03-S03-P05 OS-C03-S03-P06 OS-C03-S03-P07","CONFIRMED","zhoujiale(Owner)","2026-09-26"
"页框分配和置换策略","1","OS-C03-S05-P05","页框分配","OS-C03-S05","medium","OS-C03-S05-P01 OS-C03-S05-P02 OS-C03-S05-P03 OS-C03-S05-P04 OS-C03-S05-P06 OS-C03-S05-P07","CONFIRMED","zhoujiale(Owner)","2026-09-26"
"页面置换算法","4","OS-C03-S05-P17","页面置换过程","OS-C03-S05","medium","OS-C03-S05-P01 OS-C03-S05-P02 OS-C03-S05-P03 OS-C03-S05-P04 OS-C03-S05-P05 OS-C03-S05-P06","CONFIRMED","zhoujiale(Owner)","2026-09-26"
"以太网","1","CN-C03-S05-P03","以太网","CN-C03-S05","high","CN-C03-S05-P01 CN-C03-S05-P02 CN-C03-S05-P04 CN-C03-S05-P05 CN-C03-S05-P06 CN-C03-S05-P07","CONFIRMED","zhoujiale(Owner)","2026-09-26"
"异常和中断","7","CO-C05-S05-P06","中断请求","CO-C05-S05","medium","CO-C05-S05-P01 CO-C05-S05-P02 CO-C05-S05-P03 CO-C05-S05-P04 CO-C05-S05-P05 CO-C05-S05-P07","CONFIRMED","zhoujiale(Owner)","2026-09-26"
"银行家算法","5","OS-C02-S06-P11","银行家算法","OS-C02-S06","high","OS-C02-S06-P01 OS-C02-S06-P02 OS-C02-S06-P03 OS-C02-S06-P04 OS-C02-S06-P05 OS-C02-S06-P06","CONFIRMED","zhoujiale(Owner)","2026-09-26"
"硬件互斥指令","2","OS-C02-S04-P16","TestAndSet","OS-C02-S04","high","OS-C02-S04-P01 OS-C02-S04-P02 OS-C02-S04-P03 OS-C02-S04-P04 OS-C02-S04-P05 OS-C02-S04-P06","CONFIRMED","zhoujiale(Owner)","2026-09-26"
"用户级和内核级线程","1","OS-C02-S01-P19","多线程模型","OS-C02-S01","high","OS-C02-S01-P01 OS-C02-S01-P02 OS-C02-S01-P03 OS-C02-S01-P04 OS-C02-S01-P05 OS-C02-S01-P06","CONFIRMED","zhoujiale(Owner)","2026-09-26"
"用户态和内核态","7","OS-C01-S03-P01","用户态与内核态","OS-C01-S03","high","OS-C01-S03-P02 OS-C01-S03-P03 OS-C01-S03-P04 OS-C01-S03-P05 OS-C01-S03-P06 OS-C01-S03-P07","CONFIRMED","zhoujiale(Owner)","2026-09-26"
"栈","2","CO-C04-S06-P09","栈帧","CO-C04-S06","medium","CO-C04-S06-P01 CO-C04-S06-P02 CO-C04-S06-P03 CO-C04-S06-P04 CO-C04-S06-P05 CO-C04-S06-P06","CONFIRMED","zhoujiale(Owner)","2026-09-26"
"指令格式","1","CO-C04-S02-P07","指令字长","CO-C04-S02","medium","CO-C04-S02-P01 CO-C04-S02-P02 CO-C04-S02-P03 CO-C04-S02-P04 CO-C04-S02-P05 CO-C04-S02-P06","CONFIRMED","zhoujiale(Owner)","2026-09-26"
"指令体系结构","1","CO-C04-S01-P01","ISA概念","CO-C04-S01","high","CO-C04-S01-P02 CO-C04-S01-P03 CO-C04-S01-P04","CONFIRMED","zhoujiale(Owner)","2026-09-26"
"指令寻址方式","9","CO-C04-S03-P07","相对寻址","CO-C04-S03","medium","CO-C04-S03-P01 CO-C04-S03-P02 CO-C04-S03-P03 CO-C04-S03-P04 CO-C04-S03-P05 CO-C04-S03-P06","CONFIRMED","zhoujiale(Owner)","2026-09-26"
"指令执行指标","2","CO-C01-S02-P11","MFLOPS","CO-C01-S02","high","CO-C01-S02-P01 CO-C01-S02-P02 CO-C01-S02-P03 CO-C01-S02-P04 CO-C01-S02-P05 CO-C01-S02-P06","CONFIRMED","zhoujiale(Owner)","2026-09-26"
"中断屏蔽","3","CO-C05-S05-P10","中断屏蔽","CO-C05-S05","high","CO-C05-S05-P01 CO-C05-S05-P02 CO-C05-S05-P03 CO-C05-S05-P04 CO-C05-S05-P05 CO-C05-S05-P06","CONFIRMED","zhoujiale(Owner)","2026-09-26"
"中断IO","12","CO-C06-S03-P02","程序中断方式","CO-C06-S03","high","CO-C06-S03-P01 CO-C06-S03-P03 CO-C06-S03-P04 CO-C06-S03-P05 CO-C06-S03-P06 CO-C06-S03-P07","CONFIRMED","zhoujiale(Owner)","2026-09-26"
"中缀转后缀","2","DS-C03-S05-P03","中缀转后缀","DS-C03-S05","high","DS-C03-S05-P01 DS-C03-S05-P02 DS-C03-S05-P04 DS-C03-S05-P05 DS-C03-S05-P06 DS-C03-S05-P07","CONFIRMED","zhoujiale(Owner)","2026-09-26"
"主存容量的扩展","8","CO-C03-S03-P06","字位同时扩展","CO-C03-S03","high","CO-C03-S03-P01 CO-C03-S03-P02 CO-C03-S03-P03 CO-C03-S03-P04 CO-C03-S03-P05 CO-C03-S03-P07","CONFIRMED","zhoujiale(Owner)","2026-09-26"
"驻留集","1","OS-C03-S05-P05","页框分配","OS-C03-S05","low","OS-C03-S05-P01 OS-C03-S05-P02 OS-C03-S05-P03 OS-C03-S05-P04 OS-C03-S05-P06 OS-C03-S05-P07","CONFIRMED","zhoujiale(Owner)","2026-09-26"
"子网划分","5","CN-C04-S03-P10","子网划分","CN-C04-S03","high","CN-C04-S03-P01 CN-C04-S03-P02 CN-C04-S03-P03 CN-C04-S03-P04 CN-C04-S03-P05 CN-C04-S03-P06","CONFIRMED","zhoujiale(Owner)","2026-09-26"
"子网聚合","2","CN-C04-S03-P13","路由聚合","CN-C04-S03","high","CN-C04-S03-P01 CN-C04-S03-P02 CN-C04-S03-P03 CN-C04-S03-P04 CN-C04-S03-P05 CN-C04-S03-P06","CONFIRMED","zhoujiale(Owner)","2026-09-26"
"总线定时","1","CO-C06-S01-P09","异步定时","CO-C06-S01","high","CO-C06-S01-P01 CO-C06-S01-P02 CO-C06-S01-P03 CO-C06-S01-P04 CO-C06-S01-P05 CO-C06-S01-P06","CONFIRMED","zhoujiale(Owner)","2026-09-26"
"总线概念","3","CO-C06-S01-P01","总线基本概念","CO-C06-S01","high","CO-C06-S01-P02 CO-C06-S01-P03 CO-C06-S01-P04 CO-C06-S01-P05 CO-C06-S01-P06 CO-C06-S01-P07","CONFIRMED","zhoujiale(Owner)","2026-09-26"
"总线类型","5","CO-C06-S01-P02","总线分类","CO-C06-S01","high","CO-C06-S01-P01 CO-C06-S01-P03 CO-C06-S01-P04 CO-C06-S01-P05 CO-C06-S01-P06 CO-C06-S01-P07","CONFIRMED","zhoujiale(Owner)","2026-09-26"
"总线事务","3","CO-C06-S01-P07","总线事务","CO-C06-S01","high","CO-C06-S01-P01 CO-C06-S01-P02 CO-C06-S01-P03 CO-C06-S01-P04 CO-C06-S01-P05 CO-C06-S01-P06","CONFIRMED","zhoujiale(Owner)","2026-09-26"
"总线指标","5","CO-C06-S01-P05","总线带宽","CO-C06-S01","high","CO-C06-S01-P01 CO-C06-S01-P02 CO-C06-S01-P03 CO-C06-S01-P04 CO-C06-S01-P06 CO-C06-S01-P07","CONFIRMED","zhoujiale(Owner)","2026-09-26"
"最短路径","3","DS-C05-S05-P02","Dijkstra算法","DS-C05-S05","high","DS-C05-S05-P01 DS-C05-S05-P03 DS-C05-S05-P04 DS-C05-S05-P05 DS-C05-S05-P06 DS-C05-S05-P07","CONFIRMED","zhoujiale(Owner)","2026-09-26"
"最小生成树","3","DS-C05-S04-P01","最小生成树性质","DS-C05-S04","high","DS-C05-S04-P02 DS-C05-S04-P03 DS-C05-S04-P04 DS-C05-S04-P05 DS-C05-S04-P06","CONFIRMED","zhoujiale(Owner)","2026-09-26"
"最长前缀匹配","1","CN-C04-S03-P14","最长前缀匹配","CN-C04-S03","high","CN-C04-S03-P01 CN-C04-S03-P02 CN-C04-S03-P03 CN-C04-S03-P04 CN-C04-S03-P05 CN-C04-S03-P06","CONFIRMED","zhoujiale(Owner)","2026-09-26"
"ARP","1","CN-C04-S03-P16","ARP","CN-C04-S03","high","CN-C04-S03-P01 CN-C04-S03-P02 CN-C04-S03-P03 CN-C04-S03-P04 CN-C04-S03-P05 CN-C04-S03-P06","CONFIRMED","zhoujiale(Owner)","2026-09-26"
"ARQ协议","7","CN-C03-S03-P03","ARQ","CN-C03-S03","high","CN-C03-S03-P01 CN-C03-S03-P02 CN-C03-S03-P04 CN-C03-S03-P05 CN-C03-S03-P06 CN-C03-S03-P07","CONFIRMED","zhoujiale(Owner)","2026-09-26"
"B+树","2","DS-C06-S07-P08","B+树定义","DS-C06-S07","high","DS-C06-S07-P01 DS-C06-S07-P02 DS-C06-S07-P03 DS-C06-S07-P04 DS-C06-S07-P05 DS-C06-S07-P06","CONFIRMED","zhoujiale(Owner)","2026-09-26"
"B树","7","DS-C06-S07-P01","B树定义","DS-C06-S07","high","DS-C06-S07-P02 DS-C06-S07-P03 DS-C06-S07-P04 DS-C06-S07-P05 DS-C06-S07-P06 DS-C06-S07-P07","CONFIRMED","zhoujiale(Owner)","2026-09-26"
"Belady异常","1","OS-C03-S05-P13","Belady异常","OS-C03-S05","high","OS-C03-S05-P01 OS-C03-S05-P02 OS-C03-S05-P03 OS-C03-S05-P04 OS-C03-S05-P05 OS-C03-S05-P06","CONFIRMED","zhoujiale(Owner)","2026-09-26"
"cache概念","5","CO-C03-S05-P01","Cache基本原理","CO-C03-S05","high","CO-C03-S05-P02 CO-C03-S05-P03 CO-C03-S05-P04 CO-C03-S05-P05 CO-C03-S05-P06 CO-C03-S05-P07","CONFIRMED","zhoujiale(Owner)","2026-09-26"
"cache写策略","3","CO-C03-S05-P12","写回","CO-C03-S05","medium","CO-C03-S05-P01 CO-C03-S05-P02 CO-C03-S05-P03 CO-C03-S05-P04 CO-C03-S05-P05 CO-C03-S05-P06","CONFIRMED","zhoujiale(Owner)","2026-09-26"
"cache映射方式","5","CO-C03-S05-P05","组相联映射","CO-C03-S05","high","CO-C03-S05-P01 CO-C03-S05-P02 CO-C03-S05-P03 CO-C03-S05-P04 CO-C03-S05-P06 CO-C03-S05-P07","CONFIRMED","zhoujiale(Owner)","2026-09-26"
"CDMA","1","CN-C03-S04-P05","CDM/CDMA","CN-C03-S04","high","CN-C03-S04-P01 CN-C03-S04-P02 CN-C03-S04-P03 CN-C03-S04-P04 CN-C03-S04-P06 CN-C03-S04-P07","CONFIRMED","zhoujiale(Owner)","2026-09-26"
"CHS地址","1","CO-C03-S04-P90","CHS磁盘地址","CO-C03-S04","high","CO-C03-S04-P01 CO-C03-S04-P02 CO-C03-S04-P03 CO-C03-S04-P04 CO-C03-S04-P05 CO-C03-S04-P06","CONFIRMED","zhoujiale(Owner)","2026-09-26"
"clock算法","2","OS-C03-S05-P15","Clock置换","OS-C03-S05","high","OS-C03-S05-P01 OS-C03-S05-P02 OS-C03-S05-P03 OS-C03-S05-P04 OS-C03-S05-P05 OS-C03-S05-P06","CONFIRMED","zhoujiale(Owner)","2026-09-26"
"CSMA/CA","3","CN-C03-S04-P15","CSMA/CA","CN-C03-S04","high","CN-C03-S04-P01 CN-C03-S04-P02 CN-C03-S04-P03 CN-C03-S04-P04 CN-C03-S04-P05 CN-C03-S04-P06","CONFIRMED","zhoujiale(Owner)","2026-09-26"
"CSMA/CD","2","CN-C03-S04-P12","CSMA/CD","CN-C03-S04","high","CN-C03-S04-P01 CN-C03-S04-P02 CN-C03-S04-P03 CN-C03-S04-P04 CN-C03-S04-P05 CN-C03-S04-P06","CONFIRMED","zhoujiale(Owner)","2026-09-26"
"CSMA/CD限制条件","2","CN-C03-S04-P13","最小帧长","CN-C03-S04","high","CN-C03-S04-P01 CN-C03-S04-P02 CN-C03-S04-P03 CN-C03-S04-P04 CN-C03-S04-P05 CN-C03-S04-P06","CONFIRMED","zhoujiale(Owner)","2026-09-26"
"DMA","4","CO-C06-S03-P04","DMA方式","CO-C06-S03","high","CO-C06-S03-P01 CO-C06-S03-P02 CO-C06-S03-P03 CO-C06-S03-P05 CO-C06-S03-P06 CO-C06-S03-P07","CONFIRMED","zhoujiale(Owner)","2026-09-26"
"DNS","3","CN-C06-S02-P08","DNS解析过程","CN-C06-S02","high","CN-C06-S02-P01 CN-C06-S02-P02 CN-C06-S02-P03 CN-C06-S02-P04 CN-C06-S02-P05 CN-C06-S02-P06","CONFIRMED","zhoujiale(Owner)","2026-09-26"
"FTP","2","CN-C06-S03-P01","FTP基本原理","CN-C06-S03","high","CN-C06-S03-P02 CN-C06-S03-P03 CN-C06-S03-P04","CONFIRMED","zhoujiale(Owner)","2026-09-26"
"HDLC","1","CN-C03-S01-P90","HDLC基础","CN-C03-S01","high","CN-C03-S01-P01 CN-C03-S01-P02 CN-C03-S01-P03 CN-C03-S01-P04 CN-C03-S01-P05 CN-C03-S01-P06","CONFIRMED","zhoujiale(Owner)","2026-09-26"
"HTTP","2","CN-C06-S05-P03","HTTP特点","CN-C06-S05","high","CN-C06-S05-P01 CN-C06-S05-P02 CN-C06-S05-P04 CN-C06-S05-P05 CN-C06-S05-P06 CN-C06-S05-P07","CONFIRMED","zhoujiale(Owner)","2026-09-26"
"ICMP","2","CN-C04-S03-P20","ICMP","CN-C04-S03","high","CN-C04-S03-P01 CN-C04-S03-P02 CN-C04-S03-P03 CN-C04-S03-P04 CN-C04-S03-P05 CN-C04-S03-P06","CONFIRMED","zhoujiale(Owner)","2026-09-26"
"IEEE浮点数表示","7","CO-C02-S04-P01","IEEE754单精度","CO-C02-S04","high","CO-C02-S04-P02 CO-C02-S04-P03 CO-C02-S04-P04 CO-C02-S04-P05 CO-C02-S04-P06 CO-C02-S04-P07","CONFIRMED","zhoujiale(Owner)","2026-09-26"
"inode","7","OS-C04-S01-P04","inode","OS-C04-S01","high","OS-C04-S01-P01 OS-C04-S01-P02 OS-C04-S01-P03 OS-C04-S01-P05 OS-C04-S01-P06 OS-C04-S01-P07","CONFIRMED","zhoujiale(Owner)","2026-09-26"
"IO方式","1","OS-C05-S01-P06","程序查询I/O","OS-C05-S01","medium","OS-C05-S01-P01 OS-C05-S01-P02 OS-C05-S01-P03 OS-C05-S01-P04 OS-C05-S01-P05 OS-C05-S01-P07","CONFIRMED","zhoujiale(Owner)","2026-09-26"
"IO接口","3","CO-C06-S02-P01","I/O接口功能","CO-C06-S02","high","CO-C06-S02-P02 CO-C06-S02-P03 CO-C06-S02-P04 CO-C06-S02-P05 CO-C06-S02-P06 CO-C06-S02-P07","CONFIRMED","zhoujiale(Owner)","2026-09-26"
"IO软件层次","3","OS-C05-S01-P10","I/O软件层次","OS-C05-S01","high","OS-C05-S01-P01 OS-C05-S01-P02 OS-C05-S01-P03 OS-C05-S01-P04 OS-C05-S01-P05 OS-C05-S01-P06","CONFIRMED","zhoujiale(Owner)","2026-09-26"
"IP数据报分片","1","CN-C04-S03-P23","IPv4分片","CN-C04-S03","high","CN-C04-S03-P01 CN-C04-S03-P02 CN-C04-S03-P03 CN-C04-S03-P04 CN-C04-S03-P05 CN-C04-S03-P06","CONFIRMED","zhoujiale(Owner)","2026-09-26"
"KMP算法","2","DS-C06-S09-P02","KMP基本思想","DS-C06-S09","high","DS-C06-S09-P01 DS-C06-S09-P03 DS-C06-S09-P04 DS-C06-S09-P05 DS-C06-S09-P06","CONFIRMED","zhoujiale(Owner)","2026-09-26"
"LRU","2","OS-C03-S05-P14","LRU置换","OS-C03-S05","high","OS-C03-S05-P01 OS-C03-S05-P02 OS-C03-S05-P03 OS-C03-S05-P04 OS-C03-S05-P05 OS-C03-S05-P06","CONFIRMED","zhoujiale(Owner)","2026-09-26"
"MAC地址","1","CN-C03-S05-P05","MAC地址","CN-C03-S05","high","CN-C03-S05-P01 CN-C03-S05-P02 CN-C03-S05-P03 CN-C03-S05-P04 CN-C03-S05-P06 CN-C03-S05-P07","CONFIRMED","zhoujiale(Owner)","2026-09-26"
"OSI模型","8","CN-C01-S02-P07","OSI七层模型","CN-C01-S02","high","CN-C01-S02-P01 CN-C01-S02-P02 CN-C01-S02-P03 CN-C01-S02-P04 CN-C01-S02-P05 CN-C01-S02-P06","CONFIRMED","zhoujiale(Owner)","2026-09-26"
"RAID","1","CO-C03-S04-P91","RAID基础与级别","CO-C03-S04","high","CO-C03-S04-P01 CO-C03-S04-P02 CO-C03-S04-P03 CO-C03-S04-P04 CO-C03-S04-P05 CO-C03-S04-P06","CONFIRMED","zhoujiale(Owner)","2026-09-26"
"SPOOLing","1","OS-C05-S02-P12","SPOOLing","OS-C05-S02","high","OS-C05-S02-P01 OS-C05-S02-P02 OS-C05-S02-P03 OS-C05-S02-P04 OS-C05-S02-P05 OS-C05-S02-P06","CONFIRMED","zhoujiale(Owner)","2026-09-26"
"TCP/IP模型","2","CN-C01-S02-P08","TCP/IP四层模型","CN-C01-S02","high","CN-C01-S02-P01 CN-C01-S02-P02 CN-C01-S02-P03 CN-C01-S02-P04 CN-C01-S02-P05 CN-C01-S02-P06","CONFIRMED","zhoujiale(Owner)","2026-09-26"
"TCP滑动窗口","4","CN-C05-S04-P06","序号确认号计算","CN-C05-S04","medium","CN-C05-S04-P01 CN-C05-S04-P02 CN-C05-S04-P03 CN-C05-S04-P04 CN-C05-S04-P05 CN-C05-S04-P07","CONFIRMED","zhoujiale(Owner)","2026-09-26"
"TCP三次握手","3","CN-C05-S03-P07","TCP三次握手","CN-C05-S03","high","CN-C05-S03-P01 CN-C05-S03-P02 CN-C05-S03-P03 CN-C05-S03-P04 CN-C05-S03-P05 CN-C05-S03-P06","CONFIRMED","zhoujiale(Owner)","2026-09-26"
"TCP首部","1","CN-C05-S03-P02","TCP报文段格式","CN-C05-S03","high","CN-C05-S03-P01 CN-C05-S03-P03 CN-C05-S03-P04 CN-C05-S03-P05 CN-C05-S03-P06 CN-C05-S03-P07","CONFIRMED","zhoujiale(Owner)","2026-09-26"
"TCP四次挥手","2","CN-C05-S03-P09","TCP四次挥手","CN-C05-S03","high","CN-C05-S03-P01 CN-C05-S03-P02 CN-C05-S03-P03 CN-C05-S03-P04 CN-C05-S03-P05 CN-C05-S03-P06","CONFIRMED","zhoujiale(Owner)","2026-09-26"
"TCP拥塞控制","7","CN-C05-S06-P08","拥塞窗口变化计算","CN-C05-S06","medium","CN-C05-S06-P01 CN-C05-S06-P02 CN-C05-S06-P03 CN-C05-S06-P04 CN-C05-S06-P05 CN-C05-S06-P06","CONFIRMED","zhoujiale(Owner)","2026-09-26"
"TLB","3","CO-C03-S06-P09","TLB","CO-C03-S06","high","CO-C03-S06-P01 CO-C03-S06-P02 CO-C03-S06-P03 CO-C03-S06-P04 CO-C03-S06-P05 CO-C03-S06-P06","CONFIRMED","zhoujiale(Owner)","2026-09-26"
"UDP","3","CN-C05-S02-P01","UDP特点","CN-C05-S02","high","CN-C05-S02-P02 CN-C05-S02-P03 CN-C05-S02-P04 CN-C05-S02-P05","CONFIRMED","zhoujiale(Owner)","2026-09-26"
