stem,options,answer,analysis,knowledgePointIds,difficulty,type,source,year,expectedTimeSec,questionSubtype,maxScore,判分标准,examNo,knowledgeNodeIds,陷阱解析A,陷阱解析B,陷阱解析C,陷阱解析D,录入参考摘要
为解决计算机与打印机之间速度不匹配的问题，通常设置一个打印数据缓冲区，主机将要输出的数据依次写入该缓冲区，而打印机则依次从该缓冲区中取出数据。该缓冲区的逻辑结构应该是（ ）。,A.栈|B.队列|C.树|D.图,B,"主机「依次写入」、打印机「依次取出」，数据必须按写入顺序输出，即先进先出（FIFO）。
队列正是 FIFO 的逻辑结构，缓冲区用队列保证打印顺序与数据产生顺序一致 → 答案 B。",os-file,中等,选择题,2009-408-真题,2009,100,SINGLE_CHOICE,2,,1,OS-C05-S02-P07,栈是后进先出（LIFO），后写入的数据会先被打印，页序完全颠倒——把「缓冲」误当「回退」。,,树是层次化的非线性结构，没有天然的先后输出次序，无法表达「先来先打印」的语义。,图是非线性结构，结点间是任意连接关系；缓冲区是严格的线性序列，与图无关。,为解决计算机与打印机之间速度不匹配的问题，通常设置一个打印数据缓冲区，主机将要输出的数据依次写入该缓冲区，而打印机则依次从该缓冲区中取出数据。该缓冲区的逻辑结构
"设栈 S 和队列 Q 的初始状态均为空，元素 a, b, c, d, e, f, g 依次进入栈 S 。若每个元素出栈后立即进入队列 Q，且 7 个元素出队的顺序是 b, d, c, f, e, a, g，则栈 S 的容量至少是（ ）。",A.1|B.2|C.3|D.4,C,"出栈序列须为 b,d,c,f,e,a,g（出栈后立即入队，队列出队顺序=出栈顺序）。逐步模拟：
进 a、b，弹 b（栈剩 a）；进 c、d，弹 d、c（栈剩 a，此时栈深 3）；进 e、f，弹 f、e（栈剩 a，栈深 3）；
弹 a；进 g，弹 g。全程最大栈深 = 3 → 容量至少 3 → 答案 C。",ds-list,中等,选择题,2009-408-真题,2009,100,SINGLE_CHOICE,2,,2,DS-C03-S01-P90,以为栈里只需留 1 个元素：a 从头到尾压在栈底，d 进来时栈中是 a、c、d 三个，1 个槽位放不下。,只数了「进 a、b，弹 b」一段：后面「进 c、d」时栈内有 a、c、d，深度已达 3，模拟不完整。,,把「尚未进栈的元素」也计入容量：容量只约束已在栈内的元素数，未进栈的 e、f、g 不占空间。,"设栈 S 和队列 Q 的初始状态均为空，元素 a, b, c, d, e, f, g 依次进入栈 S 。若每个元素出栈后立即进入队列 Q，且 7 个元素出队的顺"
"给定二叉树如右图所示。设 N 代表二叉树的根，L 代表根结点的左子树，R 代表根结点的右子树。若遍历后的结点序列是 3，1，7，5，6，2，4，则其遍历方式是（）。
1

2

3

4

5

6

7",A.RN|B.RL|C.LN|D.NL,D,"【原题依赖二叉树图，扁平化题面已丢失图结构，待教研按原图核对】
判别方法：N/L/R 表示「访问根 / 递归左子树 / 递归右子树」，把候选遍历方式套到原图上逐结点展开，
与给定序列 3,1,7,5,6,2,4 逐一比对。注意关键特征：根结点 1 出现在序列第 2 位，说明整体顺序是
「先访问某棵子树、再访问根」，据此排除根最先出列的 N 开头方式。按官方答案为 D。",ds-tree,中等,选择题,2009-408-真题,2009,100,SINGLE_CHOICE,2,,3,DS-C04-S02-P11,RN 表示先右子树再根：选它的同学通常没有把展开序列与题目序列逐位比对，只凭「3 在 1 前」的局部印象。,RL 表示先右后左、最后根：根 1 应在序列末尾，而题中 1 在第 2 位，与 B 的全局结构矛盾。,LN 表示先左子树再根：需验证左子树内部展开顺序，图结构不清时极易凭感觉误选，须以原图展开为准。,,给定二叉树如右图所示。设 N 代表二叉树的根，L 代表根结点的左子树，R 代表根结点的右子树。若遍历后的结点序列是 3，1，7，5，6，2，4，则其遍历方式是（
"下列二叉排序树中，满足平衡二叉树定义的是（ ）。
D

C

B

A",A.|B.|C.|D.,B,"【原题给出四棵二叉排序树图，扁平化题面未保留图形，待教研按原图核对】
平衡二叉树的判定：每个结点左、右子树高度差（平衡因子）的绝对值 ≤ 1，且判定须递归到每一个结点，
不能只看根。对四棵候选树自底向上逐结点求平衡因子：仅 B 中所有结点 |BF|≤1；
A/C/D 中各有至少一个结点 |BF|=2（失衡）→ 答案 B。",ds-sort,中等,选择题,2009-408-真题,2009,100,SINGLE_CHOICE,2,,4,DS-C06-S05-P01,把「整棵树看起来匀称」当平衡：判定标准是逐结点平衡因子，某深层结点 |BF|=2 即失衡。,,只检验了根结点的平衡因子：根平衡不代表子树内部平衡，必须每个结点都满足 |BF|≤1。,把「所有叶子深度相同（满树）」当必要条件：平衡树允许左右子树高度差为 1，叶子不必同层。,下列二叉排序树中，满足平衡二叉树定义的是（ ）。 D C B A
已知一棵完全二叉树的第 6 层（设根为第 1 层）有 8 个叶结点，则该完全二叉树的结点个数最多是（）。,A.39|B.52|C.111|D.119,C,"第 1~5 层满 = 2^5−1 = 31 个结点。第 6 层有 8 个叶结点；求「结点最多」时第 6 层应摆满 32 个结点，
其余 32−8 = 24 个结点都是分支结点，每个可带 2 个孩子 → 第 7 层最多 24×2 = 48 个结点。
总数最多 = 31 + 32 + 48 = 111 → 答案 C。",ds-tree,中等,选择题,2009-408-真题,2009,100,SINGLE_CHOICE,2,,5,DS-C04-S02-P04,只算了前 5 层 31 加上 8 个叶结点得 39：漏掉第 6 层其余 24 个结点本身，以及它们能继续向第 7 层扩展。,以为第 6 层只能有 8 个结点（把「8 个叶」当成「第 6 层共 8 个」）：叶结点只是没有孩子，不妨碍同层还有别的结点。,,第 7 层按 8 个叶之外的结点各出 2 个孩子外又多算了叶结点的孩子：第 6 层那 8 个叶结点不能再有孩子，48 是上限。,已知一棵完全二叉树的第 6 层（设根为第 1 层）有 8 个叶结点，则该完全二叉树的结点个数最多是（）。
"将森林转换为对应的二叉树，若在二叉树中，结点 u 是结点 v 的父结点的父结点，则在原来的森林中，u 和 v 可能具有的关系是（ ）。
I. 父子关系
II. 兄弟关系
III. u 的父结点与 v 的父结点是兄弟关系",A.只有 II|B.和 II|C.和 III|D.II 和 III,B,"森林转二叉树规则：左孩子 = 原森林中的第一个孩子，右孩子 = 原森林中的下一个兄弟。
B 中 u 是 v 的祖父（v 的父结点的父结点）。情形一：v 的父结点 w 是 u 的左孩子（u 的第一个孩子），
v 是 w 的右孩子（w 的下一个兄弟）→ 森林中 v 与 w 同为 u 的孩子，u 是 v 的父结点，关系 I 成立；
情形二：w 是 u 的右孩子（u 的下一个兄弟），v 又是 w 的右孩子 → 森林中 u、w、v 是连续的兄弟，
u 与 v 是兄弟关系，关系 II 成立。III 在任何合法转换下都推不出来 → 答案 B（I 和 II）。
【源站选项文字缺字：选项 B/C 应为「I 和 II / I 和 III」，以原卷为准，待教研复核。】",ds-tree,中等,选择题,2009-408-真题,2009,100,SINGLE_CHOICE,2,,6,DS-C04-S03-P04,只验证了兄弟情形：漏掉「w 为 u 的左孩子、v 为 w 的右孩子」这一父子构造，I 同样可以成立。,,误以为「父结点的父结点是兄弟」能传递到祖父层：兄弟关系只在同一父结点下成立，III 的构造与转换规则矛盾。,漏掉了父子情形且只盯着右孩子链：左孩子（第一个孩子）方向同样能产生祖父-孙结构，I 不能排除。,将森林转换为对应的二叉树，若在二叉树中，结点 u 是结点 v 的父结点的父结点，则在原来的森林中，u 和 v 可能具有的关系是（ ）。 I. 父子关系 II. 
"下列关于无向连通图特性的叙述中，正确的是（）。
I. 所有顶点的度之和为偶数
II. 边数大于顶点个数减 1
III. 至少有一个顶点的度为 1",A.只有 I|B.只有 II|C.和 II|D.和 III,A,"I 正确：无向图所有顶点度数之和 = 2×边数（握手定理），恒为偶数。
II 错误：连通图的边数可以恰好等于 n−1（树就是无向连通图）；
III 错误：存在所有顶点度数 ≥2 的无向连通图，如一个简单环（每个顶点度均为 2）→ 答案 A（只有 I）。
【源站选项文字缺字：选项 C/D 应为「I 和 II / I 和 III」，以原卷为准，待教研复核。】",ds-graph,中等,选择题,2009-408-真题,2009,100,SINGLE_CHOICE,2,,7,DS-C05-S01-P01,,把「连通通常要不少边」当成必然：n−1 条边的生成树就是连通的，「大于 n−1」不是连通图的必然性质。,由 I 正确就顺手带上 II：两个命题必须独立判断，II 存在树反例。,忽视了环反例：三顶点单环中每个顶点度都是 2，「至少有一个度为 1」被直接否掉。,下列关于无向连通图特性的叙述中，正确的是（）。 I. 所有顶点的度之和为偶数 II. 边数大于顶点个数减 1 III. 至少有一个顶点的度为 1
下列叙述中，不符合 m 阶 B 树定义要求的是（）。,A.根节点最多有 m 棵子树|B.所有叶结点都在同一层上|C.各结点内关键字均升序或降序排列|D.叶结点之间通过指针链接,D,"m 阶 B 树的定义要点：根结点至多 m 棵子树；所有叶结点（失败结点）出现在同一层；
结点内关键字有序排列。「叶结点之间通过指针链接」是 B+ 树的性质（B+ 树用叶层链表支持顺序遍历），
不属于 m 阶 B 树的定义 → 不符合定义的是 D。",ds-sort,中等,选择题,2009-408-真题,2009,100,SINGLE_CHOICE,2,,8,DS-C06-S07-P01,把「根结点至少 2 棵子树（非叶时）」与「至多 m 棵」混淆后误判 A 违反定义：至多 m 棵恰是 B 树定义。,以为叶结点可以不同层：所有失败结点同层正是 B 树「绝对平衡」的标志，B 符合定义。,觉得关键字可以乱序存放在结点内：结点内有序是 B 树进行多路查找的前提，C 符合定义。,,下列叙述中，不符合 m 阶 B 树定义要求的是（）。
已知关键字序列 5，8，12，19，28，20，15，22 是小根堆（最小堆），插入关键字 3，调整后得到的小根堆是（）。,A.3，5，12，8，28，20，15，22，19|B.3，5，12，19，20，15，22，8，28|C.3，8，12，5，20，15，22，28，19|D.3，12，5，8，28，20，15，22，19,A,"小根堆 [5,8,12,19,28,20,15,22] 插入 3：3 先放到末尾（下标 8），再向上调整：
3 与父 19 交换 → 与父 8 交换 → 与父 5 交换到达堆顶，得 [3,5,12,8,28,20,15,22,19]。
逐对验证父子约束：3≤5、3≤12；5≤8、5≤28；12≤20、12≤15；8≤19 —— 全部满足 → 答案 A。",ds-tree,中等,选择题,2009-408-真题,2009,100,SINGLE_CHOICE,2,,9,DS-C04-S06-P01,,把上滤做成「与祖父直接交换」或中途跳层：堆调整只能逐层与父结点比较，位置 8 与 19 交换后 19 落在末尾。,插入后不调整或只调整了一层：3 必须一路滤到堆顶，C 中 3 的孩子是 8、12，8>3 合法但 5 的位置被 8 占据违反 3≤5 链。,把 3 与 5、12 的位置写反：12 是 3 的右孩子合法，但 D 中 5 挂在 12 之下（12≤5 不成立），破坏小根堆性质。,已知关键字序列 5，8，12，19，28，20，15，22 是小根堆（最小堆），插入关键字 3，调整后得到的小根堆是（）。
若数据元素序列 11，12，13，7，8，9，23，4，5 是采用下列排序方法之一得到的第二趟排序后的结果，则该排序算法只能是（）。,A.起泡排序|B.插入排序|C.选择排序|D.二路归并排序,B,"观察序列 11,12,13,7,8,9,23,4,5：前 3 个元素 11,12,13 有序，而整个序列并未全局有序。
插入排序第 2 趟后恰好「前 3 个元素构成有序段，其余不动」。
起泡 2 趟后最大 2 个元素应沉到末尾（这里末尾是 4,5，不是最大），排除；
选择 2 趟后最小 2 个元素应在头部（11 不是最小），排除；归并 2 趟后应有长度为 4 的有序段（11,12,13,7 不是有序段），排除 → 答案 B。",ds-sort,中等,选择题,2009-408-真题,2009,100,SINGLE_CHOICE,2,,10,DS-C07-S07-P01,"起泡排序第 2 趟会把当前最大两个元素依次冒泡到末尾，而序列末尾 4,5 恰是全体中最小的两个，矛盾。",,选择排序每趟把最小元素换到最前，2 趟后头部应含全序列最小值 4，但头部是 11，直接排除。,"二路归并第 2 趟后每 4 个元素一组内部有序，而 11,12,13,7 中 13>7，不满足段内有序。",若数据元素序列 11，12，13，7，8，9，23，4，5 是采用下列排序方法之一得到的第二趟排序后的结果，则该排序算法只能是（）。
冯•诺依曼计算机中指令和数据均以二进制形式存放在存储器中，CPU 区分它们的依据是（ ）。,A.指令操作码的译码结果|B.指令和数据的寻址方式|C.指令周期的不同阶段|D.指令和数据所在的存储单元,C,"冯·诺依曼机中指令和数据都以二进制存放在同一存储器，形式上无法区分。
CPU 依靠指令周期的阶段来区分：取指周期从存储器取出的一定是指令（送 IR），
执行周期从存储器取出的一定是操作数（送运算部件）→ 答案 C。",co-data,中等,选择题,2009-408-真题,2009,100,SINGLE_CHOICE,2,,11,CO-C01-S01-P04,操作码译码发生在取指之后：译码的对象已经是「被当作指令」的二进制串，它解释不了「凭什么判定它是指令」。,寻址方式只影响操作数如何形成有效地址，不参与「指令 vs 数据」的身份判定。,,指令和数据可能同处一个存储区域甚至相邻单元，存储单元位置本身不含任何身份信息。,冯•诺依曼计算机中指令和数据均以二进制形式存放在存储器中，CPU 区分它们的依据是（ ）。
一个 C 语言程序在一台 32 位机器上运行。程序中定义了三个变量 x，y 和 z，其中 x 和 z 是 int 型，y 为 short 型。当 x=127，y=-9 时，执行赋值语句 z=x+y 后，x、y 和 z 的值分别是：,"A.x=0000007FH , y=FFF9H , z=00000076H|B.x=0000007FH , y=FFF9H , z=FFFF0076H|C.x=0000007FH , y=FFF7H , z=FFFF0076H|D.x=0000007FH , y=FFF7H , z=00000076H",D,"x 为 int：127 = 0000007FH。y 为 short：−9 的 16 位补码 = FFF7H（取 9=0009H，取反加一）。
z = x + y 按单精度 int 运算：y 符号扩展为 FFFFFFF7H（−9），与 127 相加 = 118 = 00000076H，
结果仍在 int 范围内，为正数 00000076H → 答案 D。",co-data,中等,选择题,2009-408-真题,2009,100,SINGLE_CHOICE,2,,12,CO-C02-S03-P05|CO-C02-S01-P07,把 y 的补码算成 FFF9H：FFF9H 真值是 −7，来自「取反不加一」或对 −9 的原码直觉。,z 误保留符号扩展的高位：x+y 的结果 118 是正数，高位不是全 1，FFFF0076H 是把 FFF7H 直接拼接的低 16 位误解。,y 的补码与 z 的位数同时错：−9 的 16 位补码是 FFF7H（不是 FFF9H），且 z 应按 32 位 int 表示。,,一个 C 语言程序在一台 32 位机器上运行。程序中定义了三个变量 x，y 和 z，其中 x 和 z 是 int 型，y 为 short 型。当 x=127，y
浮点数加、减运算过程一般包括对阶、尾数运算、规格化、舍入和判溢出等步骤。设浮点数的阶码和尾数均采用补码表示，且位数分别为 5 位和 7 位（均含 2 位符号位）。若有两个数 X=2⁷×29/32，Y=2⁵×5/8，则用浮点加法计算 X+Y 的最终结果是（ ）。,A.00111 1100010|B.00111 0100010|C.01000 0010001|D.发生溢出,D,"X = 2^7×0.11101（尾数 00.11101，阶码 00111）；Y = 2^5×0.10100，对阶：Y 尾数右移 2 位得 0.00101，阶码变 00111。
尾数相加（双符号位）：00.11101 + 00.00101 = 01.00010，双符号位为 01 → 尾数运算溢出，需右规：
尾数右移一位得 00.10001，阶码加 1 变为 8。但 5 位阶码（含 2 位符号位）数值部分只有 3 位，
补码表示范围 −8~+7，阶码 8 已超界 → 阶码上溢，最终结果发生溢出 → 答案 D。",co-data,中等,选择题,2009-408-真题,2009,100,SINGLE_CHOICE,2,,13,CO-C02-S04-P08,把对阶后未规格化的尾数和 01.00010 直接当结果：双符号位 01 已示溢出，必须右规并检查阶码。,尾数求和算错（丢进位或对阶方向反）：Y 是小阶向大阶对齐，尾数右移两位是 0.00101，不是 0.01010。,数值算对了却不判溢出：右规后阶码 8 超出 3 位数值补码上限 7，选项 C 的阶码 01000 双符号位恰为 01（溢出标志），应报溢出而非输出结果。,,浮点数加、减运算过程一般包括对阶、尾数运算、规格化、舍入和判溢出等步骤。设浮点数的阶码和尾数均采用补码表示，且位数分别为 5 位和 7 位（均含 2 位符号位）
某计算机的 Cache 共有 16 块，采用 2 路组相联映射方式（即每组 2 块）。每个主存块大小为 32 字节，按字节编址。主存 129 号单元所在主存块应装入到的 Cache 组号是（ ）。,A.0|B.1|C.4|D.6,C,"主存块大小 32B：129 号单元 → 主存块号 = ⌊129/32⌋ = 4（块内偏移 1）。
Cache 共 16 块、2 路组相联 → 组数 = 16/2 = 8。组相联映射：组号 = 主存块号 mod 组数 = 4 mod 8 = 4
→ 应装入第 4 组 → 答案 C。",co-cache,中等,选择题,2009-408-真题,2009,100,SINGLE_CHOICE,2,,14,CO-C03-S05-P05,用块内偏移当组号或做 mod：偏移是 129 mod 32 = 1，与组号无关，组号由主存块号决定。,把「129 号单元」当成 129 号块：129 号块 mod 8 = 1，但题目给的是字节地址，须先除以块大小。,,按直接映射（mod 16）或组数算错（16 组）来算：2 路组相联的组数是 16/2 = 8，4 mod 8 = 4，D 是 4 mod 16 之类的误算。,某计算机的 Cache 共有 16 块，采用 2 路组相联映射方式（即每组 2 块）。每个主存块大小为 32 字节，按字节编址。主存 129 号单元所在主存块应
某计算机主存容量为 64KB，其中 ROM 区为 4KB，其余为 RAM 区，按字节编址。现要用 2K×8 位的 ROM 芯片和 4K×4 位的 RAM 芯片来设计该存储器，则需要上述规格的 ROM 芯片数和 RAM 芯片数分别是（）。,A.1、15|B.2、15|C.1、30|D.2、30,D,"ROM 区 4KB，用 2K×8 位芯片：4KB ÷ 2KB = 2 片（字扩展）。
RAM 区 = 64KB − 4KB = 60KB，用 4K×4 位芯片：先位扩展凑 8 位宽度（2 片并联成 4K×8），
再字扩展 60KB ÷ 4KB = 15 组 → 共 15×2 = 30 片 → 答案 D（2、30）。",co-cache,中等,选择题,2009-408-真题,2009,100,SINGLE_CHOICE,2,,15,CO-C03-S03-P06,RAM 只做了字扩展忘记位扩展：4K×4 位芯片单片只有 4 位数据线，字长 8 位必须两片并联，15 片不够。,ROM 每组只用 1 片：2K×8 的单片容量是 2KB，4KB 区域需要 2 片字扩展，不能 1 片覆盖。,ROM 片数对但 RAM 又漏了位扩展：C 的「1、30」把 ROM 算成 1 片，与 4KB÷2KB=2 矛盾。,,某计算机主存容量为 64KB，其中 ROM 区为 4KB，其余为 RAM 区，按字节编址。现要用 2K×8 位的 ROM 芯片和 4K×4 位的 RAM 芯片来
某机器字长 16 位，主存按字节编址，转移指令采用相对寻址，由两个字节组成，第一字节为操作码字段，第二字节为相对位移量字段。假定取指令时，每取一个字节 PC 自动加 1。若某转移指令所在主存地址为 2000H，相对位移量字段的内容为 06H，则该转移指令成功转移后的目标地址是（）。,A.2006H|B.2007H|C.2008H|D.2009H,C,"转移指令占 2 字节，位于 2000H；取指令时每取 1 字节 PC 加 1，故取完指令后 PC = 2000H + 2 = 2002H。
相对寻址的目标地址以「取指后的 PC」为基准：目标 = 2002H + 06H = 2008H → 答案 C。",co-instruction,中等,选择题,2009-408-真题,2009,100,SINGLE_CHOICE,2,,16,CO-C04-S03-P07,直接用指令首地址加位移量：2000H + 06H = 2006H，漏掉了「PC 已随取指自动加到 2002H」这一步。,按「取指后 PC 加 1」算：位移量加的是取指完成后的 PC（2002H），不是再加一次单字节增量 2003H。,,把 2 字节指令当成 3 字节或重复加位移量：2002H + 06H = 2008H，多加一次得 2009H 无依据。,某机器字长 16 位，主存按字节编址，转移指令采用相对寻址，由两个字节组成，第一字节为操作码字段，第二字节为相对位移量字段。假定取指令时，每取一个字节 PC 自
下列关于 RISC 的叙述中，错误的是（）。,A.ISC 普遍采用微程序控制器|B.ISC 大多数指令在一个时钟周期内完成|C.ISC 的内部通用寄存器数量相对 CISC 多|D.ISC 的指令数、寻址方式和指令格式种类相对 CISC 少,A,"RISC 的控制器普遍采用组合逻辑（硬布线）实现，以换取单周期/流水线上的高速度；
微程序控制是 CISC 的典型特征（指令复杂、微程序便于实现）。
「RISC 普遍采用微程序控制器」的说法错误 → 选 A。其余三项均为 RISC 的标准特征：
大多数指令单时钟周期完成、通用寄存器数量多、指令数/寻址方式/指令格式种类少。
【源站选项文字缺字：「ISC」应为「RISC」，以原卷为准。】",co-instruction,中等,选择题,2009-408-真题,2009,100,SINGLE_CHOICE,2,,17,CO-C04-S05-P02|CO-C05-S04-P02,,把「RISC 指令单周期完成」当成错误说法：这正是 RISC 追求的目标（配合流水线），说法正确不能选。,以为寄存器多是 CISC 特征：RISC 用大量通用寄存器减少访存次数，寄存器数量相对 CISC 多是标准结论。,对「少而简单」的方向判断反了：RISC 的设计哲学恰是指令数、寻址方式、格式种类都比 CISC 少。,下列关于 RISC 的叙述中，错误的是（）。
某计算机的指令流水线由四个功能段组成，指令流经各功能段的时间（忽略各功能段之间的缓存时间）分别为 90 ns、80 ns、70 ns、和 60 ns，则该计算机的 CPU 时钟周期至少是（）。,A.90 ns|B.80 ns|C.70 ns|D.60 ns,A,"流水线的 CPU 时钟周期必须 ≥ 最慢功能段的耗时，否则最慢段无法在一个周期内完成，流水线会「卡壳」。
四段耗时 90/80/70/60 ns，最大值为 90 ns → 时钟周期至少 90 ns → 答案 A。",co-cpu,中等,选择题,2009-408-真题,2009,100,SINGLE_CHOICE,2,,18,CO-C05-S06-P01,,取次慢段 80 ns 当周期：80 ns 会让 90 ns 的段跨周期，流水线无法正常同步。,用平均耗时 (90+80+70+60)/4 = 75 ns 的思路取整到 70：时钟周期由瓶颈段决定，不是平均值。,把「忽略段间缓存时间」理解成可以压缩到最短段 60 ns：忽略的是寄存器开销，各段自身耗时无法压缩。,某计算机的指令流水线由四个功能段组成，指令流经各功能段的时间（忽略各功能段之间的缓存时间）分别为 90 ns、80 ns、70 ns、和 60 ns，则该计算机
相对于微程序控制器，硬布线控制器的特点是（）。,A.指令执行速度慢，指令功能的修改和扩展容易|B.指令执行速度慢，指令功能的修改和扩展难|C.指令执行速度快，指令功能的修改和扩展容易|D.指令执行速度快，指令功能的修改和扩展难,D,"硬布线控制器用组合逻辑电路直接产生控制信号，速度快；但其控制逻辑固化在电路中，
修改或扩展指令功能需要重新设计电路，困难。微程序控制器正相反：速度慢、改起来容易（改微程序即可）。
题问「相对于微程序控制器」的硬布线特点 → 快 + 难 → 答案 D。",co-cpu,中等,选择题,2009-408-真题,2009,100,SINGLE_CHOICE,2,,19,CO-C05-S04-P02,把两者的优缺点正好对调：慢且易改是微程序控制器（被比较对象）的特征，不是硬布线的。,速度判断错：硬布线是纯硬件组合逻辑，不需要读控存，执行速度快于微程序控制。,「修改扩展容易」的诱惑项：电路级实现意味着改指令就要改连线，恰恰是硬布线的短板。,,相对于微程序控制器，硬布线控制器的特点是（）。
假设某系统总线在一个总线周期中并行传输 4 字节信息，一个总线周期占用 2 个时钟周期，总线时钟频率为 10MHz，则总线带宽是（）。,A.10MB/S|B.20MB/S|C.40MB/S|D.80MB/S,B,"总线带宽 = 每周期传输字节数 × 总线周期频率。一个总线周期传 4B、占 2 个时钟周期，
时钟 10MHz → 总线周期频率 = 10MHz/2 = 5MHz。
带宽 = 4B × 5M 次/s = 20MB/s → 答案 B。",ds-list,中等,选择题,2009-408-真题,2009,100,SINGLE_CHOICE,2,,20,CO-C06-S01-P05,直接用 10MHz 当总线周期频率却只传 4B 忘了换算：4B×10MHz=40MB/s 是 C，10MB/s 来自按 1B/周期误算。,,忘了「一个总线周期占 2 个时钟周期」：直接 4B × 10MHz = 40MB/s，把时钟频率当成了总线周期频率。,双重放大：既按 10MHz 又按每周期 8B（把 32 位宽当两次传输）计，数字凭感觉翻倍，无计算依据。,假设某系统总线在一个总线周期中并行传输 4 字节信息，一个总线周期占用 2 个时钟周期，总线时钟频率为 10MHz，则总线带宽是（）。
假设某计算机的存储系统由 Cache 和主存组成，某程序执行过程中访存 1000 次，其中访问 Cache 缺失（未命中）50 次，则 Cache 的命中率是（）。,A.5%|B.9.5%|C.50%|D.95%,D,命中率 = 访问 Cache 总次数中命中的比例 = (1000 − 50)/1000 = 950/1000 = 95% → 答案 D。,co-cache,中等,选择题,2009-408-真题,2009,100,SINGLE_CHOICE,2,,21,CO-C03-S05-P01,把缺失率当命中率：50/1000 = 5%，题目问的是「命中率」，与缺失率互补。,按「缺失 50 次占 950 次命中的比例」算 50/950 ≈ 5.26% 再近似成 9.5%：分子分母口径全错，命中率分母是全部访存次数。,见「缺失 50」就凭直觉对半：没有任何计算依据，命中率必须用 (总次数−缺失)/总次数 求出。,,假设某计算机的存储系统由 Cache 和主存组成，某程序执行过程中访存 1000 次，其中访问 Cache 缺失（未命中）50 次，则 Cache 的命中率是（
下列选项中，能引起外部中断的事件是（）。,A.键盘输入|B.除数为 0|C.浮点运算下溢|D.访存缺页,A,"外部中断（外中断）由 CPU 以外的部件发出请求，与当前执行程序无关，典型的就是外设 I/O 请求。
键盘输入是外设请求 → 外部中断。除数为 0、浮点下溢是执行指令引发的内部异常；
缺页虽表现为「访存异常」，但其根源在进程地址空间管理，属内中断（异常）→ 答案 A。",co-cpu,中等,选择题,2009-408-真题,2009,100,SINGLE_CHOICE,2,,22,CO-C05-S05-P06,,除数为 0 由指令执行本身触发，属于内中断（异常），不是外部设备发来的请求。,浮点运算下溢发生在 CPU 执行运算指令的过程中，是典型的内部异常（可屏蔽与否另论）。,缺页中断的「中断」二字有迷惑性：它由地址转换时的有效位触发，来源在 CPU 内部的访存操作，属内中断。,下列选项中，能引起外部中断的事件是（）。
"单处理机系统中，可并行的是（）。
Ⅰ. 进程与进程  Ⅱ. 处理机与设备  Ⅲ. 处理机与通道  Ⅳ. 设备与设备",A.Ⅰ、Ⅱ、Ⅲ|B.Ⅰ、Ⅱ、Ⅳ|C.Ⅰ、Ⅲ、Ⅳ|D.Ⅱ、Ⅲ、Ⅳ,D,"单处理机只有一个 CPU，进程与进程在微观上只能串行占用 CPU（宏观并发、微观串行），Ⅰ不可并行。
处理机与设备：CPU 运算时设备可同时进行 I/O（只需设备控制器支持），Ⅱ可并行；
处理机与通道：通道是独立的控制部件，可与 CPU 同时工作，Ⅲ可并行；
设备与设备：不同设备由各自控制器驱动，可同时工作，Ⅳ可并行 → 可并行的是 Ⅱ、Ⅲ、Ⅳ → 答案 D。",os-process,中等,选择题,2009-408-真题,2009,100,SINGLE_CHOICE,2,,23,OS-C01-S01-P02,把「进程宏观上同时推进」当成并行：单处理机上进程间是并发而非并行，微观指令级仍在交替使用同一 CPU。,同 A，Ⅰ不成立；判断的关键在「单处理机」这一限定词。,Ⅲ、Ⅳ正确但Ⅰ错误：三选组合题只要含Ⅰ即排除，进程并行需要多处理机。,,单处理机系统中，可并行的是（）。 Ⅰ. 进程与进程 Ⅱ. 处理机与设备 Ⅲ. 处理机与通道 Ⅳ. 设备与设备
下列进程调度算法中，综合考虑进程等待时间和执行时间的是（）。,A.时间片轮转调度算法|B.短进程优先调度算法|C.先来先服务调度算法|D.高响应比优先调度算法,D,"高响应比优先的响应比 = (等待时间 + 要求服务时间)/要求服务时间 = 1 + 等待时间/要求服务时间，
分子同时包含等待时间与执行（要求服务）时间，是两者综合的调度算法 → 答案 D。
时间片轮转只看到达顺序轮转；短进程优先只看执行时间；先来先服务只看等待（到达）顺序。",os-process,中等,选择题,2009-408-真题,2009,100,SINGLE_CHOICE,2,,24,OS-C02-S03-P15,时间片轮转按就绪队列顺序轮流执行，既不偏爱短作业也不关心等待了多久（相对公平而非综合权衡）。,短进程优先只以要求服务时间为准，长进程可能饥饿——恰好忽略了等待时间。,先来先服务完全按到达先后，与执行时间长短无关，是「只看等待顺序」的极端。,,下列进程调度算法中，综合考虑进程等待时间和执行时间的是（）。
某计算机系统中有 8 台打印机，由 K 个进程竞争使用，每个进程最多需要 3 台打印机。该系统可能会发生死锁的 K 的最小值是（）。,A.2|B.3|C.4|D.5,C,"每个进程最多需 3 台，最坏情况是每个进程都已持有 2 台（差 1 台）。
K 个进程共持有 2K 台：若 2K = 8（K=4），8 台全部分配完，4 个进程各差 1 台又无新打印机可释放，
循环等待成立 → 死锁可能。K=3 时 2×3 = 6 < 8，必有多余打印机可满足某个进程完成并释放，死锁不可能。
故可能死锁的 K 的最小值 = 4 → 答案 C。",os-process,中等,选择题,2009-408-真题,2009,100,SINGLE_CHOICE,2,,25,OS-C02-S06-P01,按「两个进程互相等待」的直觉取 2：2×2=4 < 8，总有空闲打印机，不会死锁。,K=3 时最坏共持有 6 台、还剩 2 台，至少能有一个进程凑满 3 台运行完并释放，达不到死锁条件。,,5 不是「最小」值：K=4 时 2×4=8 恰好全占满即已构成死锁可能，5 只是「一定可以构造死锁」的更大情形。,某计算机系统中有 8 台打印机，由 K 个进程竞争使用，每个进程最多需要 3 台打印机。该系统可能会发生死锁的 K 的最小值是（）。
分区分配内存管理方式的主要保护措施是（）。,A.界地址保护|B.程序代码保护|C.数据保护|D.栈保护,A,"分区分配（连续内存管理）中，一道程序 residing 在一个连续分区，保护手段是界地址寄存器
（上界/下界寄存器或基址+限长寄存器）：访问地址越界即产生越界中断 → 答案 A。
其余「程序代码保护/数据保护/栈保护」都不是内存管理硬件层面的保护机制名称。",os-memory,中等,选择题,2009-408-真题,2009,100,SINGLE_CHOICE,2,,26,OS-C03-S02-P03,,「程序代码保护」不是分区管理的保护设施：分区保护针对的是地址空间边界，不是代码内容本身。,数据保护通常指文件/数据库层面的访问控制，与分区分配的内存保护机制无关。,栈保护针对函数调用栈越界（如栈溢出检测），不是分区分配模式下的主要保护措施。,分区分配内存管理方式的主要保护措施是（）。
一个分段存储管理系统中，地址长度为 32 位，其中段号占 8 位，则最大段长是（）。,A.28 字节|B.216 字节|C.224 字节|D.232 字节,C,"分段地址 = 段号 + 段内偏移。地址总长 32 位、段号占 8 位 → 段内偏移占 32 − 8 = 24 位。
最大段长由段内偏移位数决定 = 2^24 字节 → 答案 C。
【源站选项上标丢失：选项应为 2^8 / 2^16 / 2^24 / 2^32 字节，以原卷为准。】",os-memory,中等,选择题,2009-408-真题,2009,100,SINGLE_CHOICE,2,,27,OS-C03-S04-P01,把段号位数当段长位数：8 位是段号，段长由剩余的偏移位数决定，2^8 是干扰项。,按 16 位偏移计算：32−8 = 24 不是 16，2^16 字节对应的是偏移占 16 位的错误拆分。,,忽略段号占位，把 32 位全给偏移：2^32 是不分段时的空间，段号 8 位必须先扣除。,一个分段存储管理系统中，地址长度为 32 位，其中段号占 8 位，则最大段长是（）。
下列文件物理结构中，适合随机访问且易于文件扩展的是（）。,A.连续结构|B.索引结构|C.链式结构且磁盘块定长|D.链式结构且磁盘块变长,B,"索引结构为每个文件建立索引表，索引块中按序存放各盘块号：查第 i 块直接读索引表第 i 项（支持随机访问），
文件扩展只需追加索引项或链接新索引块（易于扩展）→ 答案 B。
连续结构随机访问好但扩展要搬移；链接结构扩展容易但只能顺序访问。",os-file,中等,选择题,2009-408-真题,2009,100,SINGLE_CHOICE,2,,28,OS-C04-S01-P12,连续结构支持随机访问但扩展困难：尾部若无空闲空间，整个文件可能需要搬迁，不满足「易于扩展」。,,定长链接块只能沿链顺序查找，访问第 i 块要扫过前 i−1 块，不支持高效随机访问。,变长链接同样受链式结构限制，随机访问仍需遍历，且变长管理反而更复杂。,下列文件物理结构中，适合随机访问且易于文件扩展的是（）。
假设磁头当前位于第 105 道，正在向磁道序号增加的方向移动。现有一个磁道访问请求序列为 35，45，12，68，110，180，170，195，采用 SCAN 调度（电梯调度）算法得到的磁道访问序列是（）。,"A.110,170,180,195,68,45,35,12|B.110,68,45,35,12,170,180,195|C.110,170,180,195,12,35,45,68|D.12,35,45,68,110,170,180,195",A,"SCAN（电梯调度）：磁头在 105 道且向道号增大方向移动，先沿增大方向服务：110 → 170 → 180 → 195；
到达最大请求道后折返，沿减小方向服务剩余请求：68 → 45 → 35 → 12。
完整序列 110,170,180,195,68,45,35,12 → 答案 A。",os-file,中等,选择题,2009-408-真题,2009,100,SINGLE_CHOICE,2,,29,OS-C05-S03-P11,,这是 SSTF（最短寻道优先）的走向：SCAN 必须先走完当前方向，不会在 110 后立刻折返。,"折返后的顺序错了：沿减小方向应从近到远（68,45,35,12），而不是跳到最远端再回来。",无视「当前向增大方向移动」的初始条件从头开始：SCAN 的第一段必须沿当前移动方向先服务。,假设磁头当前位于第 105 道，正在向磁道序号增加的方向移动。现有一个磁道访问请求序列为 35，45，12，68，110，180，170，195，采用 SCAN
文件系统中，文件访问控制信息存储的合理位置是（）。,A.文件控制块|B.文件分配表|C.用户口令表|D.系统注册表,A,"文件访问控制信息（所有者、访问权限等）是文件的元数据，与管理信息、物理位置等信息一起存放在
文件控制块 FCB 中；按名存取时系统检索 FCB 完成权限检查 → 答案 A。",os-file,中等,选择题,2009-408-真题,2009,100,SINGLE_CHOICE,2,,30,OS-C04-S01-P04,,文件分配表（FAT）记录盘块的链接/占用情况，只管「数据放在哪」，不管「谁能访问」。,用户口令表用于身份认证，验证的是「你是谁」，不是某个文件自身的访问控制属性。,系统注册表不是文件系统存放访问控制信息的场所，访问控制随文件元数据组织。,文件系统中，文件访问控制信息存储的合理位置是（）。
设文件 F1 的当前引用计数值为 1，先建立 F1 的符号链接（软链接）文件 F2，再建立 F1 的硬链接文件 F3，然后删除 F1。此时，F2 和 F3 的引用计数值分别是（）。,A.0、1|B.1、1|C.1、2|D.2、1,B,"硬链接 F3 与 F1 共享同一个索引结点：F1 建立时引用计数 1，建 F3 后变 2，删除 F1 后减为 1
→ F3（所在 inode）引用计数 = 1，文件仍可访问。
符号链接 F2 是一个独立的新文件（存放的是 F1 的路径名），有自己的索引结点，引用计数为 1；
F1 被删后 F2 成为悬空链接，但 F2 自身的引用计数值仍是 1 → 答案 B（1、1）。",os-file,中等,选择题,2009-408-真题,2009,100,SINGLE_CHOICE,2,,31,OS-C04-S02-P09,以为删除 F1 后 F2/F3 的计数会清零或失效：删除只使共享 inode 的计数减 1，F3 仍在；F2 是独立文件计数不变。,,把符号链接也算进共享 inode 的计数：软链接不共享 inode，F1 删除后不会出现「1、2」的组合。,把「F2 指向 F1 路径」误解为引用共享：符号链接仅存路径字符串，对原 inode 计数无贡献。,设文件 F1 的当前引用计数值为 1，先建立 F1 的符号链接（软链接）文件 F2，再建立 F1 的硬链接文件 F3，然后删除 F1。此时，F2 和 F3 的引
程序员利用系统调用打开 I/O 设备时，通常使用的设备标识是（）。,A.逻辑设备名|B.物理设备名|C.主设备号|D.从设备号,A,"程序员使用系统调用打开设备时用的是逻辑设备名（如「打印机」这类抽象名），
由系统通过设备分配表等机制把逻辑名映射到实际物理设备，实现设备独立性（可换性、可重定向）→ 答案 A。",os-file,中等,选择题,2009-408-真题,2009,100,SINGLE_CHOICE,2,,32,OS-C05-S02-P02,,物理设备名绑定具体硬件，程序一旦写死就无法换设备，违背设备独立性原则，不是程序员层面的用法。,主设备号用于内核区分驱动程序类型，属于系统内部的设备标识，程序员不直接使用。,从设备号区分同类设备中的具体哪一台，同样是内核层标识，对用户程序透明。,程序员利用系统调用打开 I/O 设备时，通常使用的设备标识是（）。
在 OSI 参考模型中，自下而上第一个提供端到端服务的层次是（）。,A.数据链路层|B.传输层|C.会话层|D.应用层,B,"「端到端」指两个主机上的进程（末端系统）之间的逻辑通道。OSI 自下而上：物理层、数据链路层、
网络层都是逐跳（相邻结点间）服务；传输层第一次实现源主机进程到目的主机进程的端到端
（进程到进程）透明传输 → 答案 B。",net-link,中等,选择题,2009-408-真题,2009,100,SINGLE_CHOICE,2,,33,CN-C01-S02-P07,数据链路层只负责相邻结点间的帧传输，路径上每个路由器都要收发帧，是典型的逐跳服务。,,会话层在传输层之上，端到端服务在它下面一层已经建立，「第一个」提供端到端的是传输层。,应用层离用户最近，但「第一个提供端到端」问的是自下而上的第一次出现，网络层之下的逐跳到传输层才改变。,在 OSI 参考模型中，自下而上第一个提供端到端服务的层次是（）。
在无噪声情况下，若某低通通信链路的带宽为 3kHz，采用 4 个相位，每个相位具有 4 种振幅的 QAM 调制技术，则该通信链路的最大数据传输速率是（）。,A.12kbps|B.24kbps|C.48kbps|D.96kbps,B,"无噪声信道用奈奎斯特定理：极限速率 = 2W·log₂V（V 为码元离散取值数）。
QAM：4 相位 × 4 振幅 = 16 种码元状态 → log₂16 = 4 bit/码元。
最大速率 = 2 × 3000 × 4 = 24000 bps = 24kbps → 答案 B。",net-link,中等,选择题,2009-408-真题,2009,100,SINGLE_CHOICE,2,,34,CN-C02-S01-P19,只算了 3000×4 或漏掉奈奎斯特的 2 倍因子：每码元 4 bit、每秒可传 2W=6000 个码元，二者相乘才对。,,把「4 相位、每相位 4 振幅」当成相加 8 种状态：状态数是相乘 4×4=16，log₂8=3 会算出 18kbps 之类的错值，48 来自再加倍的误算。,混入香农公式按有噪声信道估算：题目明说「无噪声」，应使用奈奎斯特准则而非 C=B·log₂(1+S/N)。,在无噪声情况下，若某低通通信链路的带宽为 3kHz，采用 4 个相位，每个相位具有 4 种振幅的 QAM 调制技术，则该通信链路的最大数据传输速率是（）。
数据链路层采用后退 N 帧（GBN）协议，发送方已经发送了编号为 0~7 的帧。当计时器超时时，若发送方只收到 0、2、3 号帧的确认，则发送方需要重发的帧数是（）。,A.2|B.3|C.4|D.5,C,"GBN 采用累计确认：收到 3 号帧的确认意味着编号 ≤3 的帧（0、1、2、3）都已正确接收
（1 号帧的确认即使丢失也被后续累计确认覆盖）。发送方已发到 7 号帧，
需重发的是确认点之后的 4、5、6、7 号帧，共 4 帧 → 答案 C。",net-link,中等,选择题,2009-408-真题,2009,100,SINGLE_CHOICE,2,,35,CN-C03-S03-P03,只重发「没收到确认的 1 号」是 SR（选择重传）思路：GBN 的累计确认 + 回退 N 决定了重发起点是最后一个被确认帧之后。,把「确认 0、2、3」理解成只有 3 帧到达：确认 3 已覆盖 0~3，只需重发 4~7，不是重发 3 帧。,,把已发送未确认的全部 4~7 再加上 1 号一起重发：1 号已被累计确认覆盖，重发它是多余且不符合 GBN 规则。,数据链路层采用后退 N 帧（GBN）协议，发送方已经发送了编号为 0~7 的帧。当计时器超时时，若发送方只收到 0、2、3 号帧的确认，则发送方需要重发的帧数是
以太网交换机进行转发决策时使用的 PDU 地址是（）。,A.目的物理地址|B.目的 IP 地址|C.源物理地址|D.源 IP 地址,A,"以太网交换机工作在数据链路层，转发决策基于帧中的目的 MAC 地址（目的物理地址）查 MAC 地址表，
决定从哪个端口转发或过滤 → 答案 A。（源 MAC 地址用于「学习」建立地址表，不用于转发决策。）",net-link,中等,选择题,2009-408-真题,2009,100,SINGLE_CHOICE,2,,36,CN-C03-S06-P04|CN-C03-S05-P05,,目的 IP 地址是网络层（路由器）的转发依据，交换机不读 IP，除非是三层交换机的路由功能，已非「以太网交换机转发」本义。,源物理地址用于自学习（把源 MAC 与入口端口登记进地址表），转发决策查的是目的地址。,源 IP 地址与本题的链路层转发完全无关，是典型的跨层干扰项。,以太网交换机进行转发决策时使用的 PDU 地址是（）。
在一个采用 CSMA/CD 协议的网络中，传输介质是一根完整的电缆，传输速率为 1Gbps，电缆中的信号传播速度是 200 000km/s。若最小数据帧长度减少 800 比特，则最远的两个站点之间的距离至少需要（）。,A.增加 160m|B.增加 80m|C.减少 160m|D.减少 80m,D,"CSMA/CD 最小帧长约束：L_min = 2×传播时延×数据率 = 2·(d/v)·R。帧长减少 800 bit 后仍要保证冲突可检测，
距离须同步缩小：Δd = ΔL·v/(2R) = 800 × (2×10^8 m/s) / (2 × 10^9 b/s) = 80 m。
即最远两站距离至少减少 80 m → 答案 D。",net-link,中等,选择题,2009-408-真题,2009,100,SINGLE_CHOICE,2,,37,CN-C03-S04-P12,方向判反且数值翻倍：帧长变短意味着发送更快的帧也发完了（争用期内发不完就检测不到冲突），距离应减小；800 bit 对应 160 m 是漏了公式里的 2 倍分母。,方向判反：认为帧变短需要更大距离来「等冲突」，实际是争用期必须 ≥ 发送时延，帧短了传播时延必须更小。,数值算成 160 m：Δd = 800·v/(2R)，代入 v=2×10^8、R=10^9 得 80 m，忘了除以 2 才会得 160。,,在一个采用 CSMA/CD 协议的网络中，传输介质是一根完整的电缆，传输速率为 1Gbps，电缆中的信号传播速度是 200 000km/s。若最小数据帧长度减少
主机甲与主机乙之间已建立一个 TCP 连接，主机甲向主机乙发送了两个连续的 TCP 段，分别包含 300 字节和 500 字节的有效载荷，第一个段的序列号为 200，主机乙正确接收到两个段后，发送给主机甲的确认序列号是（）。,A.500|B.700|C.800|D.1000,D,"TCP 确认号 = 期望收到的下一个字节的序号。第一段序号 200、长 300B → 占 200~499；
第二段序号 500、长 500B → 占 500~999。乙正确收到两段后，期望下一字节序号 = 200 + 300 + 500 = 1000
→ 确认号 1000 → 答案 D。",net-tcp,中等,选择题,2009-408-真题,2009,100,SINGLE_CHOICE,2,,38,CN-C05-S04-P06,只看了第二段的序号：确认号不是「收到的某段序号」，而是全部确认数据的下一字节位置。,按第一段的末字节序号 +1（=500）再错加：两段都正确收到，确认必须覆盖两段全长。,把「最后一段的序号 + 长度 −1」当确认号（999）：确认号指向下一字节，不加 1 就是差 1 的经典错误。,,主机甲与主机乙之间已建立一个 TCP 连接，主机甲向主机乙发送了两个连续的 TCP 段，分别包含 300 字节和 500 字节的有效载荷，第一个段的序列号为 2
一个 TCP 连接总是以 1KB 的最大段长发送 TCP 段，发送方有足够多的数据要发送。当拥塞窗口为 16KB 时发生了超时，如果接下来的 4 个 RTT（往返时间）时间内的 TCP 段的传输都是成功的，那么当第 4 个 RTT 时间内发送的所有 TCP 段都得到肯定应答时，拥塞窗口大小是（）。,A.7 KB|B.8 KB|C.9 KB|D.16 KB,C,"超时发生（cwnd=16KB）→ ssthresh = 16/2 = 8KB，cwnd 重置为 1KB，执行慢启动：
第 1 个 RTT 后 2KB → 第 2 个 RTT 后 4KB → 第 3 个 RTT 后 8KB（达到 ssthresh）→ 转入拥塞避免，
第 4 个 RTT 后 = 8 + 1 = 9KB → 答案 C。",net-tcp,中等,选择题,2009-408-真题,2009,100,SINGLE_CHOICE,2,,39,CN-C05-S06-P08,把拥塞避免的线性增长起点搞错或漏算一个 RTT：到第 3 个 RTT 结束 cwnd 已回到 ssthresh=8KB。,认为达到 ssthresh 后就停在 8KB：拥塞避免阶段每个 RTT 仍线性加 1个MSS（1KB），第 4 个 RTT 后是 9KB。,,以为超时后 cwnd 从 16KB 继续翻倍：超时触发的是「ssthresh 减半 + cwnd=1 重新慢启动」，不是从 16 继续。,一个 TCP 连接总是以 1KB 的最大段长发送 TCP 段，发送方有足够多的数据要发送。当拥塞窗口为 16KB 时发生了超时，如果接下来的 4 个 RTT（往
FTP 客户和服务器间传递 FTP 命令时，使用的连接是（）。,A.建立在 TCP 之上的控制连接|B.建立在 TCP 之上的数据连接|C.建立在 UDP 之上的控制连接|D.建立在 UDP 之上的数据连接,A,"FTP 使用两条 TCP 连接：控制连接（服务器 21 端口）全程保持，传送 FTP 命令与应答；
数据连接（服务器 20 端口或协商端口）按需建立，只传文件数据。
「传递 FTP 命令」走的是建立在 TCP 之上的控制连接 → 答案 A。",net-app,中等,选择题,2009-408-真题,2009,100,SINGLE_CHOICE,2,,40,CN-C06-S03-P01,,数据连接只传文件内容，命令与应答从不走数据连接——两条连接的分工题眼。,FTP 的控制连接建立在 TCP 之上（可靠、面向连接），FTP 不使用 UDP，更没有「UDP 控制连接」。,双重错误：FTP 既不用 UDP，命令也不走数据连接，与协议设计完全不符。,FTP 客户和服务器间传递 FTP 命令时，使用的连接是（）。
"带权图（权值非负，表示边连接的两顶点间的距离）的最短路径问题是找出从初始顶点到目标顶点之间的一条最短路径。假设从初始顶点到目标顶点之间存在路径，现有一种解决该问题的方法：
① 设最短路径初始时仅包含初始顶点，令当前顶点 u 为初始顶点；
② 选择离 u 最近且尚未在最短路径中的一个顶点 v，加入到最短路径中，修改当前顶点 u=v；
③ 重复步骤②，直到 u 是目标顶点时为止。
请问上述方法能否求得最短路径？若该方法可行，请证明之；否则，请举例说明。
最短路径",,,"结论：该方法**不能**保证求得最短路径，需要举反例。
症结在步骤②：每步只选「离当前顶点 u 最近」的顶点，这是局部贪心；正确算法（Dijkstra）选取的应是
「离初始顶点集合距离最小」的顶点，并维护已确定最短距离的顶点集。局部最近 ≠ 全局最短，
且该方法一旦把某顶点加入路径便不能回退，错误的选择会一路带到底。
反例：设顶点 S、A、B、T，边 S→A=10，A→T=1，S→B=1，B→T=100。
真实最短路径 S→A→T = 11。按题给方法：u=S 时最近的未访问顶点是 B（距离 1）→ 加入 B；
u=B 时只能加入 T，得到路径 S→B→T = 1+100 = 101 ≠ 11，且无法回头修正 → 方法不可行。
【各问分值为草稿拟定（本题合计 8 分），待官方分值表核定。】",ds-graph,困难,综合题,2009-408-真题,2009,600,,,"{""version"":1,""totalPoints"":8,""criteria"":[{""id"":""c1"",""description"":""明确回答「不能求得最短路径」（判断正确）"",""points"":2,""evidenceHint"":""答案明确给出否定结论"",""matchAny"":[""不能"",""无法"",""不可以"",""不能保证""]},{""id"":""c2"",""description"":""构造出具体反例（顶点、边权完整，最短路径确实绕开局部最近点）"",""points"":3,""evidenceHint"":""答案给出至少 4 个顶点与各边权值，且图中「离当前顶点最近的顶点」不在真实最短路径上"",""matchAny"":[""反例"",""顶点"",""边""]},{""id"":""c3"",""description"":""按题给方法逐步执行得到非最短结果，并与真实最短路径对比说明"",""points"":3,""evidenceHint"":""答案展示贪心方法的执行结果（如 101）与真实最短值（如 11）的对比"",""matchAny"":[""最短路径"",""对比"",""101"",""局部""]}]}",41,DS-C05-S05-P02|DS-C05-S05-P05,,,,,带权图（权值非负，表示边连接的两顶点间的距离）的最短路径问题是找出从初始顶点到目标顶点之间的一条最短路径。假设从初始顶点到目标顶点之间存在路径，现有一种解决该问
"已知一个带有表头结点的单链表，结点结构为：| data | link |
假设该链表只给出了头指针 list。在不改变链表的前提下，请设计一个尽可能高效的算法，查找链表中倒数第 k 个位置上的结点（k 为正整数）。若查找成功，算法输出该结点的 data 域的值，并返回 1；否则，只返回 0。要求：
(1) 描述算法的基本设计思想；
(2) 描述算法的详细实现步骤；
(3) 根据设计思想和实现步骤，采用程序设计语言描述算法（使用 C、C++ 或 Java 语言实现），关键之处请给出简要注释。
链表",,,"基本思想：双指针（快慢指针）一次遍历。设快指针 p 先沿链表走 k 步；随后两指针同步后移，
当快指针到达最后一个结点时，慢指针 q 恰好指向倒数第 k 个结点。全程只扫一遍链表，
时间 O(n)、额外空间 O(1)，无需事先知道表长，也不改变链表结构。
详细实现：① 从第一个结点起扫描，若走 k−1 步时就遇空（k 大于表长）→ 返回 0；
② 否则 p、q 分别从「已走 k−1 步的位置」与「表头」出发同步后移，直到 p 到达最后一个结点；
③ 此时 q 即倒数第 k 个结点，输出 q->data 并返回 1。注意带头结点：扫描应从 list->link 开始，
计数「倒数」以第一个数据结点为「倒数第 1 个」。
代码框架（C 语言）：
int searchK(LinkList list, int k) {
    Node *p = list->link, *q = list->link;   // p、q 均指向第一个数据结点
    for (int i = 1; i < k; i++) {            // p 先走 k-1 步
        if (p == NULL) return 0;             // k 超过表长
        p = p->link;
    }
    if (p == NULL) return 0;                 // k 恰等于表长时上面循环已到末尾前，此处兜底判空
    while (p->link != NULL) { p = p->link; q = q->link; }   // 同步后移
    printf(""%d"", q->data); return 1;         // q 即倒数第 k 个结点
}
【各问分值为草稿拟定（本题合计 13 分），待官方分值表核定。】",ds-list,困难,综合题,2009-408-真题,2009,600,,,"{""version"":1,""totalPoints"":13,""criteria"":[{""id"":""c1"",""description"":""(1) 双指针思想正确：两指针保持固定间距 k（或先走 k 步）一次遍历"",""points"":3,""evidenceHint"":""答案出现「两个指针」「相距 k」「一次遍历」等表述"",""matchAny"":[""两个指针"",""快慢"",""相距"",""先走"",""一次遍历"",""单趟""]},{""id"":""c2"",""description"":""(2) 实现步骤完整：先走 k−1 步、同步后移、末结点判定与输出返回约定"",""points"":4,""evidenceHint"":""答案描述了先行步数、同步移动与终止条件的完整步骤"",""matchAny"":[""同步"",""后移"",""末尾"",""返回""]},{""id"":""c3"",""description"":""(3) 代码正确：头结点处理、k>表长的判空返回 0、输出 data 并返回 1"",""points"":4,""evidenceHint"":""代码含判空分支、返回 0/1 与输出语句"",""matchAny"":[""NULL"",""return 0"",""return 1"",""printf"",""list""]},{""id"":""c4"",""description"":""(3) 关键处有简要注释"",""points"":1,""evidenceHint"":""代码含 // 或 /* 注释"",""matchAny"":[""//"",""/*""]},{""id"":""c5"",""description"":""指出时间 O(n)、空间 O(1)（不计链表本身）"",""points"":1,""evidenceHint"":""答案给出复杂度结论"",""matchAny"":[""O(n)"",""O(1)""]}]}",42,DS-C02-S03-P18|DS-C02-S03-P05,,,,,已知一个带有表头结点的单链表，结点结构为：| data | link | 假设该链表只给出了头指针 list。在不改变链表的前提下，请设计一个尽可能高效的算法，
"某计算机的 CPU 主频为 500MHz，CPI 为 5（即执行每条指令平均需 5 个时钟周期）。假定某外设的数据传输率为 0.5MB/s，采用中断方式与主机进行数据传送，以 32 位为传输单位，对应的中断服务程序包含 18 条指令，中断服务的其他开销相当于 2 条指令的执行时间。请回答下列问题，要求给出计算过程。
(1) 在中断方式下，CPU 用于该外设 I/ O 的时间占整个 CPU 时间的百分比是多少？
(2) 当该外设的数据传输率达到 5M B/s 时，改用 DMA 方式传送数据。假定每次 DMA 传送块大小为 5000B，且 DMA 预处理和后处理的总开销为 500 个时钟周期，则 CPU 用于该外设 I/ O 的时间占整个 CPU 时间的百分比是多少？（假设 DMA 与 CPU 之间没有访存冲突）
计算机性能指标

中断IO

DMA",,,"(1) 中断方式：传输单位 32 位 = 4B，设备速率 0.5MB/s → 每秒中断次数 = 0.5MB ÷ 4B = 125000 次。
每次中断服务开销 = 18 条指令 + 折合 2 条指令的其他开销 = 20 条指令 × CPI 5 = 100 个时钟周期。
每秒用于该外设 I/O 的时钟周期 = 125000 × 100 = 12.5×10⁶；CPU 每秒总周期 = 500×10⁶。
占比 = 12.5/500 = 2.5%。
(2) DMA 方式：块大小 5000B、速率 5MB/s → 每秒 5MB ÷ 5000B = 1000 块。
每块的预处理+后处理 = 500 个时钟周期（数据传输由 DMA 控制器完成，不占 CPU）。
每秒 CPU 开销 = 1000 × 500 = 5×10⁵ 周期，占比 = 0.5×10⁶ / 500×10⁶ = 0.1%。
对比可见 DMA 将 CPU 占用从 2.5% 降到 0.1%。
【各问分值为草稿拟定（本题合计 8 分），待官方分值表核定。】",ds-list,困难,综合题,2009-408-真题,2009,600,,,"{""version"":1,""totalPoints"":8,""criteria"":[{""id"":""c1"",""description"":""(1) 中断次数计算正确（0.5MB/s ÷ 4B = 125000 次/秒）"",""points"":2,""evidenceHint"":""答案出现 125000 或等价算式"",""matchAny"":[""125000"",""12.5万"",""125,000""]},{""id"":""c2"",""description"":""(1) 每次中断开销（20 条指令×5 周期=100 周期）与占比 2.5% 正确"",""points"":2,""evidenceHint"":""答案给出 100 周期/次与 2.5%"",""matchAny"":[""2.5%"",""100""]},{""id"":""c3"",""description"":""(2) DMA 块数计算正确（5MB/s ÷ 5000B = 1000 块/秒）"",""points"":2,""evidenceHint"":""答案出现 1000 块"",""matchAny"":[""1000""]},{""id"":""c4"",""description"":""(2) CPU 占用百分比 0.1% 正确（500 周期 × 1000 块对照总周期）"",""points"":2,""evidenceHint"":""答案给出 0.1%"",""matchAny"":[""0.1%""]}]}",43,CO-C06-S03-P02|CO-C01-S02-P09,,,,,某计算机的 CPU 主频为 500MHz，CPI 为 5（即执行每条指令平均需 5 个时钟周期）。假定某外设的数据传输率为 0.5MB/s，采用中断方式与主机进
"某计算机字长 16 位，采用 16 位定长指令字结构，部分数据通路结构如下图所示，图中所有控制信号为 1 时表示有效、为 0 时表示无效。例如控制信号 MDRinE 为 1 表示允许数据从 DB 打入 MDR，MDRin 为 1 表示允许数据从内总线打入 MDR。假设 MAR 的输出一直处于使能状态。加法指令“ADD (R1)，R0”的功能为 (R0)+((R1)) → (R1)，即将 R0 中的数据与 R1 的内容所指主存单元的数据相加，并将结果送入 R1 的内容所指主存单元中保存。
R0

R0in

R1

R1in

R0out

R1out

A

Ain

ALU

AC

ACin

ADD

ACout

PC

PC + 1

PCout

PCin

IR

IRin

至指令译码部件

MAR

MDR

MARin

MDRoutE

MDRin

MDRinE

MDRout

AB

DB

CB

Addr

Data

MemW

MemR

存储器（M）

控制信号图例

Xout

三态门及其控制信号

Xin

三态门及其控制信号

下表给出了上述指令取指和译码阶段每个节拍（时钟周期）的功能和有效控制信号，请按表中描述方式用表格列出指令执行阶段每个节拍的功能和有效控制信号。
时钟功能有效控制信号C1MAR ← (PC)PCout, MARinC2MDR ← M(MAR)
PC ← (PC) + 1MemR, MDRinE, PC+1C3IR ← (MDR)MDRout, IRinC4指令译码无寄存器传送语言",,,"【原题依赖数据通路图，扁平化题面保留了控制信号名称，按文字化题面搭建；图数据待核对】
执行阶段目标：(R0)+((R1)) → (R1)。需先取主存操作数，经 ALU 相加后写回主存。节拍划分：
C5: MAR ← (R1)          — R1out, MARin（把目的操作数地址送 MAR）
C6: MDR ← M(MAR)        — MemR, MDRinE（读主存操作数）
C7: A ← (R0)            — R0out, Ain（暂存被加数）
C8: AC ← (A)+(MDR)      — MDRout, ADD, ACin（ALU 相加）
C9: MDR ← (AC)          — ACout, MDRin（结果送 MDR 准备写回）
C10: M(MAR) ← (MDR)     — MemW（写回 R1 所指单元）
要点：MAR 在取指后须重新装载为 R1 的内容（目的地址）；A 暂存是为了让 ALU 两端就绪；
写回用 MemW 且 MAR 保持不变。每节拍功能与有效控制信号一一对应，不得出现同节拍冲突的信号
（如同一节拍既读又写同一总线）。
【各问分值为草稿拟定（本题合计 13 分），待官方分值表核定。】",co-cpu,困难,综合题,2009-408-真题,2009,600,,,"{""version"":1,""totalPoints"":13,""criteria"":[{""id"":""c1"",""description"":""C5 取目的地址：MAR ← (R1)，控制信号 R1out、MARin"",""points"":2,""evidenceHint"":""答案含 MAR←(R1) 与 R1out/MARin"",""matchAny"":[""R1out"",""MARin"",""MAR""]},{""id"":""c2"",""description"":""C6 读主存操作数：MDR ← M(MAR)，控制信号 MemR、MDRinE"",""points"":2,""evidenceHint"":""答案含存储器读与 MDRinE"",""matchAny"":[""MemR"",""MDRinE""]},{""id"":""c3"",""description"":""C7 暂存被加数：A ← (R0)，控制信号 R0out、Ain"",""points"":2,""evidenceHint"":""答案含 R0out/Ain"",""matchAny"":[""R0out"",""Ain""]},{""id"":""c4"",""description"":""C8 ALU 相加：AC ← (A)+(MDR)，控制信号 MDRout、ADD、ACin"",""points"":2,""evidenceHint"":""答案含 ADD 与 ACin"",""matchAny"":[""ADD"",""ACin"",""MDRout""]},{""id"":""c5"",""description"":""C9 结果送 MDR：MDR ← (AC)，控制信号 ACout、MDRin"",""points"":2,""evidenceHint"":""答案含 ACout/MDRin"",""matchAny"":[""ACout"",""MDRin""]},{""id"":""c6"",""description"":""C10 写回主存：M(MAR) ← (MDR)，控制信号 MemW"",""points"":2,""evidenceHint"":""答案含 MemW"",""matchAny"":[""MemW""]},{""id"":""c7"",""description"":""节拍顺序合理、无同节拍总线冲突，表格格式与题目一致"",""points"":1,""evidenceHint"":""答案按节拍表格列出且顺序为取数→运算→写回"",""matchAny"":[""节拍"",""C5"",""顺序""]}]}",44,CO-C05-S03-P06|CO-C05-S03-P07,,,,,某计算机字长 16 位，采用 16 位定长指令字结构，部分数据通路结构如下图所示，图中所有控制信号为 1 时表示有效、为 0 时表示无效。例如控制信号 MDRi
"三个进程
P1
、
P2
、
P3
互斥使用一个包含
N(N>0)
个单元的缓冲区。
P1
每次用 produce() 生成一个正整数并用 put() 送入缓冲区某一空单元中；
P2
每次用 getodd() 从该缓冲区中取出一个奇数并用 countodd() 统计奇数个数；
P3
每次用 geteven() 从该缓冲区中取出一个偶数并用 counteven() 统计偶数个数。请用信号量机制实现这三个进程的同步与互斥活动，并说明所定义信号量的含义。要求用伪代码描述。
同步问题设计",,,"信号量设计（含义随定义给出）：
mutex = 1：缓冲区互斥信号量，保证任一时刻只有一个进程访问缓冲区；
empty = N：空单元数，约束放入前必须有空闲单元；
odd = 0：已放入的奇数个数，P2 的等待条件；
even = 0：已放入的偶数个数，P3 的等待条件。
三个进程的伪代码：
P1：while(true){ x = produce();              // 生成正整数
      P(empty); P(mutex); put(x); V(mutex);
      if (x % 2 == 1) V(odd); else V(even); }   // 按奇偶唤醒对应消费者
P2：while(true){ P(odd);  P(mutex); getodd();  V(mutex); V(empty); countodd();  }
P3：while(true){ P(even); P(mutex); geteven(); V(mutex); V(empty); counteven(); }
要点：P(empty)/V(empty) 必须分别配对在 P1 与 P2/P3 中；互斥 P(mutex) 在同步 P(odd)/P(even) 之后
（先申请资源再进临界区，避免持锁等待造成死锁）；取完后 V(empty) 归还空单元。
【各问分值为草稿拟定（本题合计 7 分），待官方分值表核定。】",os-process,困难,综合题,2009-408-真题,2009,600,,,"{""version"":1,""totalPoints"":7,""criteria"":[{""id"":""c1"",""description"":""定义互斥信号量 mutex=1 并说明含义（缓冲区互斥）"",""points"":2,""evidenceHint"":""答案定义 mutex 且初值为 1"",""matchAny"":[""mutex"",""互斥"",""=1""]},{""id"":""c2"",""description"":""定义同步信号量 empty=N、odd=0、even=0 并说明含义"",""points"":2,""evidenceHint"":""答案出现 empty/odd/even 三个信号量及含义说明"",""matchAny"":[""empty"",""odd"",""even"",""空单元""]},{""id"":""c3"",""description"":""P1 伪代码正确：先 P(empty)、进临界区放数、按奇偶 V(odd)/V(even)"",""points"":2,""evidenceHint"":""P1 含 produce、P(empty)、put 与奇偶分支"",""matchAny"":[""produce"",""put"",""V(odd)"",""V(even)""]},{""id"":""c4"",""description"":""P2/P3 伪代码正确：P(odd)/P(even) 先于 P(mutex)，取数后 V(mutex)、V(empty)"",""points"":1,""evidenceHint"":""P2/P3 含 getodd/geteven 与 V(empty)"",""matchAny"":[""getodd"",""geteven"",""V(empty)""]}]}",45,OS-C02-S05-P08|OS-C02-S04-P20,,,,,三个进程 P1 、 P2 、 P3 互斥使用一个包含 N(N>0) 个单元的缓冲区。 P1 每次用 produce() 生成一个正整数并用 put() 送入缓冲
"请求分页管理系统中，假设某进程的页表内容如下表所示：
页号页框（Page Frame）号有效位（存在位）0101H1102254H1页面大小为 4KB，一次内存的访问时间是 100ns，一次快表（TLB）的访问时间是 10ns，处理一次缺页的平均时间 10⁸ ns（已含更新 TLB 和页表的时间），进程的驻留集大小固定为 2，采用最近最少使用置换算法 (LRU) 和局部淘汰策略。假设
① TLB 初始为空；
② 地址转换时先访问 TLB，若 TLB 未命中，再访问页表（忽略访问页表之后的 TLB 更新时间）；
③ 有效位为 0 表示页面不在内存，产生缺页中断，缺页中断处理后，返回到产生缺页中断的指令处重新执行。
设有虚地址访问序列 2362H、1565H、25A5H，请问：
(1) 依次访问上述三个虚地址，各需多少时间？给出计算过程。
(2) 基于上述访问序列，虚地址 1565H 的物理地址是多少？请说明理由。
TLB

地址翻译

虚拟页式管理",,,"【扁平化页表解码：页号 0 → 页框 101H、有效位 1；页号 1 → 有效位 0（不在内存）；页号 2 → 页框 254H、有效位 1。
页面大小 4KB，故虚地址高 12 位（十六进制前 3 位）为虚页号。】
(1) 依次访问三个虚地址：
· 2362H：虚页号 2。TLB 初始为空 → 访 TLB 10ns 未命中；查页表 100ns，页 2 有效位 1 → 页框 254H，
  访存取数 100ns。共 10 + 100 + 100 = 210ns（此访 TLB 未命中后回填 TLB，回填时间按题意忽略）。
· 1565H：虚页号 1。TLB 未命中 10ns；查页表 100ns，页 1 有效位 0 → 缺页中断，处理耗时 10⁸ ns
  （驻留集固定 2、LRU 局部淘汰：当前在内存的是页 0 与页 2，页 2 刚被访问，故淘汰页 0，
  页 1 装入页 0 原页框 101H；缺页处理已更新页表与 TLB）→ 返回重新执行该指令：
  TLB 命中 10ns + 访存 100ns。共 10 + 100 + 10⁸ + 10 + 100 = 10⁸ + 220 ns。
· 25A5H：虚页号 2。TLB 中已有页 2（2362H 访问后回填）→ TLB 命中 10ns + 访存 100ns = 110ns。
(2) 虚地址 1565H：页 1 缺页调入后占据页 0 被淘汰腾出的页框 101H，
  物理地址 = 页框号 101H 拼接页内偏移 565H = 101565H。理由：驻留集大小固定为 2 且采用 LRU 局部淘汰，
  访问序列中页 0 自初始装入后未被再次访问，是最久未使用页；页 2 在 2362H 访问中被使用，保留。
【各问分值为草稿拟定（本题合计 8 分），待官方分值表核定。】",os-memory,困难,综合题,2009-408-真题,2009,600,,,"{""version"":1,""totalPoints"":8,""criteria"":[{""id"":""c1"",""description"":""(1) 2362H 访问时间 210ns（TLB 未命中 10 + 查页表 100 + 访存 100）"",""points"":2,""evidenceHint"":""答案给出 210ns 或等价分项"",""matchAny"":[""210"",""100""]},{""id"":""c2"",""description"":""(1) 1565H 访问时间 10⁸+220ns（缺页处理 + 重新执行 TLB 命中）"",""points"":2,""evidenceHint"":""答案含 10^8 与 220（或分项 10+100+10+100）"",""matchAny"":[""220"",""10⁸"",""10^8""]},{""id"":""c3"",""description"":""(1) 25A5H 访问时间 110ns（TLB 命中）"",""points"":1,""evidenceHint"":""答案给出 110ns"",""matchAny"":[""110""]},{""id"":""c4"",""description"":""(2) 物理地址 101565H（页 1 调入页 0 淘汰后释放的页框 101H）"",""points"":2,""evidenceHint"":""答案给出 101565H"",""matchAny"":[""101565"",""101H""]},{""id"":""c5"",""description"":""(2) LRU 淘汰理由正确（页 0 最久未使用被淘汰、驻留集固定为 2）"",""points"":1,""evidenceHint"":""答案说明 LRU/局部淘汰与页 0 淘汰依据"",""matchAny"":[""LRU"",""最久未使用"",""淘汰"",""驻留集""]}]}",46,OS-C03-S03-P08|OS-C03-S05-P04,,,,,请求分页管理系统中，假设某进程的页表内容如下表所示： 页号页框（Page Frame）号有效位（存在位）0101H1102254H1页面大小为 4KB，一次内存
"某网络拓扑如下图所示，路由器 R1 通过接口 E1、E2 分别连接局域网 1、局域网 2，通过接口 L0 连接路由器 R2，并通过路由器 R2 连接域名服务器与互联网。R1 的 L0 接口的 IP 地址是 202.118.2.1；R2 的 L0 接口的 IP 地址是 202.118.2.2，L1 接口的 IP 地址是 130.11.120.1，E0 接口的 IP 地址是 202.118.3.1；域名服务器的 IP 地址是 202.118.3.2。
互联网

局域网1

局域网2

R1

R2

202.118.2.2

202.118.2.1

L0

L0

E1

E2

202.118.3.1

E0

L1

130.11.120.1

202.118.3.2

域名服务器

R1 和 R2 的路由表结构为：
目的网络 IP 地址

子网掩码

下一跳 IP 地址

接口

(1) 将 IP 地址空间 202.118.1.0/24 划分为 2 个子网，分别分配给局域网 1、局域网 2，每个局域网需分配的 IP 地址数不少于 120 个。请给出子网划分结果，说明理由或给出必要的计算过程。
(2) 请给出 R1 的路由表，使其明确包括到局域网 1 的路由、局域网 2 的路由、域名服务器的主机路由和互联网的路由。
(3) 请采用路由聚合技术，给出 R2 到局域网 1 和局域网 2 的路由。
路由器

子网划分

子网聚合",,,"【原题依赖网络拓扑图，扁平化题面保留了全部关键地址；图数据待核对】
(1) 子网划分：202.118.1.0/24 每个局域网至少 120 个地址 → 每子网主机位至少 7 位（2⁷−2=126 ≥ 120）。
划分两个 /25 子网：局域网 1 = 202.118.1.0/25（地址 202.118.1.1~202.118.1.126），
局域网 2 = 202.118.1.128/25（地址 202.118.1.129~202.118.1.254）。
(2) R1 的路由表（目的网络 | 子网掩码 | 下一跳 | 接口）：
· 202.118.1.0 / 255.255.255.128 | —（直连） | E1
· 202.118.1.128 / 255.255.255.128 | —（直连） | E2
· 202.118.3.2 / 255.255.255.255 | 202.118.2.2 | L0（域名服务器主机路由）
· 0.0.0.0 / 0.0.0.0 | 202.118.2.2 | L0（默认路由，去往互联网）
(3) R2 上的路由聚合：局域网 1、2 的两个 /25 恰好合并为 202.118.1.0/24，
R2 到两网的路由聚合为一条：202.118.1.0 / 255.255.255.0 | 下一跳 202.118.2.1 | 接口 L0。
【各问分值为草稿拟定（本题合计 13 分），待官方分值表核定。】",net-ip,困难,综合题,2009-408-真题,2009,600,,,"{""version"":1,""totalPoints"":13,""criteria"":[{""id"":""c1"",""description"":""(1) 两个 /25 子网划分正确（202.118.1.0/25 与 202.118.1.128/25）"",""points"":3,""evidenceHint"":""答案给出两个 /25 子网地址"",""matchAny"":[""202.118.1.0/25"",""202.118.1.128"",""/25"",""255.255.255.128""]},{""id"":""c2"",""description"":""(1) 理由/计算正确（主机位 7 位，2⁷−2=126 ≥ 120）"",""points"":2,""evidenceHint"":""答案说明 126 个可用地址满足 ≥120"",""matchAny"":[""126"",""120"",""主机位""]},{""id"":""c3"",""description"":""(2) 到局域网 1、局域网 2 的直连路由正确（接口 E1/E2）"",""points"":3,""evidenceHint"":""路由表含两条直连路由及接口"",""matchAny"":[""E1"",""E2"",""直连""]},{""id"":""c4"",""description"":""(2) 域名服务器主机路由正确（202.118.3.2/32 经 202.118.2.2 走 L0）"",""points"":2,""evidenceHint"":""答案含 255.255.255.255 或 /32 主机路由"",""matchAny"":[""255.255.255.255"",""/32"",""202.118.3.2""]},{""id"":""c5"",""description"":""(2) 默认路由正确（0.0.0.0/0 经 202.118.2.2 走 L0 指向互联网）"",""points"":1,""evidenceHint"":""答案给出默认路由 0.0.0.0/0"",""matchAny"":[""0.0.0.0"",""默认路由""]},{""id"":""c6"",""description"":""(3) 聚合路由 202.118.1.0/24、下一跳 202.118.2.1 正确"",""points"":2,""evidenceHint"":""答案给出聚合后的 /24 路由"",""matchAny"":[""202.118.1.0/24"",""255.255.255.0"",""聚合""]}]}",47,CN-C04-S07-P08|CN-C06-S02-P08,,,,,某网络拓扑如下图所示，路由器 R1 通过接口 E1、E2 分别连接局域网 1、局域网 2，通过接口 L0 连接路由器 R2，并通过路由器 R2 连接域名服务器与
